0.000|166.481|916.891|918.153|817.932|1367.649|549.214|956.883|332.543|1712.795|1499.882|300.137|510.087|939.905|2056.427|141.736|1389.425|407.339|682.663|1130.949|575.868|1755.480|622.630|687.492|1797.613|453.353|552.490|871.873|860.452|519.076|104.738|669.292|959.588|1589.728|1326.005|1058.001|1666.564|1564.030|1103.453|434.166|591.501|1500.442|1352.327|674.093|621.737|44.721|507.568|900.623|1167.303|597.164|105.119|954.969|178.272|635.759|409.704|495.084|1084.489|564.735|1702.254|540.316|652.886|635.639|1324.494|294.245|995.364|1467.849|94.752|1678.744|1217.050|1100.619|1240.779|495.098|727.044|357.604|484.369|1107.401|577.068|1973.980|670.430|1260.842|1046.566|405.532|690.290|1347.242|595.399|2172.664|1856.257|652.231|284.297|341.281|1779.961|1175.664|506.080|263.427|262.092|502.001|1292.629|50.329|140.943|608.717
166.481|0.000|918.987|1024.450|873.128|1410.346|405.216|966.077|168.751|1807.064|1374.777|243.939|359.084|964.965|2146.389|27.295|1254.794|308.132|571.686|986.974|477.699|1657.529|527.947|797.808|1891.448|329.310|554.322|798.204|962.460|359.872|190.373|534.374|1003.714|1673.282|1177.316|1108.876|1754.896|1646.866|957.654|276.101|651.771|1370.370|1207.919|529.439|463.298|210.419|398.137|760.164|1148.056|477.067|111.830|1006.040|53.075|665.764|341.674|560.643|942.550|535.964|1766.755|399.045|623.513|702.738|1180.580|183.848|1049.057|1543.837|260.864|1770.392|1259.753|1146.031|1110.894|329.342|568.272|200.392|319.476|1125.242|554.130|2067.230|533.464|1128.844|1095.624|475.365|532.376|1419.306|495.435|2265.288|1920.176|716.294|152.345|183.120|1873.542|1215.504|392.613|243.742|132.966|351.592|1349.970|119.520|236.544|675.296
916.891|918.987|0.000|631.716|294.450|548.008|1225.699|59.304|909.183|1120.854|2157.389|678.224|839.102|133.959|1410.833|906.146|2006.233|673.303|1442.900|1716.255|589.761|1116.635|1423.194|601.269|1194.411|725.425|367.049|416.850|581.244|898.471|812.158|753.909|250.320|947.060|1858.430|339.419|1043.305|920.318|1680.319|877.935|401.329|2134.110|1913.213|1321.941|916.712|930.640|656.068|1533.065|274.521|1342.245|844.618|289.664|866.762|298.585|1259.319|477.194|1687.014|393.005|950.177|785.140|316.623|400.666|1891.144|1095.103|322.076|797.608|918.716|1074.267|414.965|337.236|1891.588|972.742|956.879|1038.767|1051.365|220.952|370.937|1352.799|1351.589|1900.152|322.134|549.474|1254.085|673.891|590.161|1535.495|1092.732|381.923|812.274|876.138|1176.878|367.271|671.000|677.507|1040.285|1163.414|549.214|899.093|781.425|411.618
918.153|1024.450|631.716|0.000|343.354|651.217|1424.274|605.265|1115.681|798.462|2398.360|870.600|1161.183|514.449|1144.594|999.525|2273.150|954.492|1592.985|1996.105|985.800|1743.358|1539.105|230.868|883.247|1034.959|645.120|989.673|67.535|1210.440|840.372|1176.403|411.005|693.577|2174.377|405.080|760.043|670.188|1964.127|1149.576|430.353|2391.719|2213.685|1545.226|1276.007|901.113|1004.973|1776.663|854.546|1500.822|913.907|369.121|989.305|514.758|1327.846|490.470|1955.182|745.174|853.972|1134.909|742.849|376.324|2187.528|1199.602|364.137|596.782|857.478|767.454|541.787|457.499|2133.062|1249.874|1355.175|1213.962|1294.301|617.729|723.672|1059.404|1555.148|2149.746|410.762|560.008|1522.256|500.370|998.251|1257.981|1002.505|375.832|1007.830|1095.783|865.910|531.373|1017.872|824.430|1155.004|1365.930|520.089|935.000|793.278|397.615
817.932|873.128|294.450|343.354|0.000|551.543|1241.198|279.403|917.834|970.660|2209.142|664.118|912.277|198.842|1295.390|853.202|2070.287|712.879|1438.167|1784.211|699.217|1411.078|1400.650|320.924|1052.090|785.738|368.912|651.663|288.481|967.771|719.025|887.476|150.655|817.793|1947.473|240.154|906.626|790.648|1749.983|922.582|226.433|2194.365|1994.361|1353.038|1015.166|817.712|737.690|1579.015|544.266|1339.624|775.121|137.557|826.946|227.728|1208.743|322.926|1748.323|455.544|893.756|873.257|428.534|186.462|1969.878|1056.972|177.539|679.356|790.099|928.785|402.165|285.119|1941.093|1024.194|1080.359|1035.693|1086.000|351.820|431.070|1223.511|1372.795|1954.021|229.340|412.438|1308.199|551.987|707.865|1417.859|1047.067|167.815|809.614|890.649|1033.983|364.243|752.098|636.717|1005.199|1179.288|477.302|816.178|677.337|211.684
1367.649|1410.346|548.008|651.217|551.543|0.000|1753.561|489.009|1430.979|649.499|2700.507|1184.365|1382.008|455.010|888.462|1392.572|2551.574|1203.902|1962.689|2261.780|1136.284|1360.807|1933.168|799.064|707.221|1263.759|866.907|938.482|654.835|1441.039|1267.047|1301.615|408.447|467.732|2406.285|312.580|561.970|445.479|2226.049|1413.509|777.030|2678.953|2460.610|1856.475|1463.960|1368.833|1198.724|2073.241|526.776|1862.525|1318.448|413.998|1361.355|744.658|1750.366|873.676|2231.286|922.280|407.185|1330.396|856.932|737.547|2438.305|1593.299|376.691|331.097|1341.634|601.176|150.881|267.060|2433.686|1511.371|1504.643|1556.428|1585.284|332.297|897.958|843.765|1882.579|2443.300|322.256|962.898|1795.282|260.634|1137.508|1011.862|545.257|719.273|1327.166|1400.126|691.610|195.133|1213.750|1167.978|1539.906|1690.976|142.144|1363.141|1226.743|763.174
549.214|405.216|1225.699|1424.274|1241.198|1753.561|0.000|1280.018|324.002|2196.524|975.045|577.084|415.838|1298.883|2531.349|431.885|850.205|552.526|227.607|582.767|663.834|1718.948|247.645|1200.232|2280.284|505.594|887.904|981.881|1360.798|362.088|595.485|589.810|1357.498|2055.060|776.810|1466.965|2140.103|2028.208|554.510|352.409|1031.031|967.478|804.070|125.004|413.600|585.317|582.763|354.949|1410.614|134.063|516.939|1366.740|435.336|1019.324|277.346|946.763|537.587|834.480|2129.950|480.601|909.598|1085.017|776.472|263.211|1411.276|1920.008|639.508|2158.075|1605.820|1497.567|708.876|273.470|475.429|210.374|182.222|1444.330|857.963|2455.040|132.000|725.541|1452.154|867.163|172.812|1793.089|672.292|2652.027|2281.542|1096.055|431.589|353.600|2262.256|1559.247|569.004|609.007|287.124|62.586|1710.350|513.639|641.758|1058.057
956.883|966.077|59.304|605.265|279.403|489.009|1280.018|0.000|961.962|1064.292|2214.961|727.209|896.377|92.130|1352.184|952.303|2064.304|727.496|1495.918|1774.356|648.010|1138.192|1474.500|596.411|1137.213|781.492|412.022|472.488|559.086|955.687|852.233|813.138|207.511|889.634|1917.302|287.200|986.065|862.987|1738.471|933.521|419.058|2192.068|1971.876|1377.604|975.283|968.600|713.170|1589.935|266.925|1395.267|888.248|249.110|914.261|327.906|1307.208|501.734|1744.805|445.926|890.875|843.035|372.474|410.534|1949.723|1143.883|276.698|740.057|954.078|1017.495|355.760|280.879|1948.918|1029.074|1016.088|1090.960|1106.744|164.454|423.104|1294.726|1406.583|1957.708|270.224|578.955|1311.104|617.148|648.741|1476.842|1033.559|390.866|863.481|929.298|1119.743|308.132|728.139|723.343|1089.195|1217.625|490.800|941.271|819.593|424.923
332.543|168.751|909.183|1115.681|917.834|1430.979|324.002|961.962|0.000|1877.256|1293.421|254.049|201.559|976.870|2210.001|191.149|1160.418|239.416|533.974|880.596|383.172|1535.700|516.853|897.866|1960.633|217.412|564.471|713.449|1050.595|192.855|328.434|390.283|1033.581|1733.140|1060.219|1142.972|1819.145|1706.198|848.455|112.112|710.912|1281.752|1098.072|436.029|296.139|377.127|297.553|664.959|1110.357|433.336|252.438|1042.763|159.963|695.339|388.021|630.356|840.498|516.236|1805.951|252.970|595.763|765.634|1071.854|227.774|1087.325|1597.005|425.207|1838.046|1282.710|1173.857|1025.742|163.893|400.565|131.027|179.622|1125.718|538.859|2134.788|455.132|1040.160|1128.188|555.673|407.280|1469.820|397.045|2331.220|1957.592|775.702|109.225|35.384|1942.567|1236.356|287.068|291.810|181.298|261.725|1386.357|283.185|367.829|739.049
1712.795|1807.064|1120.854|798.462|970.660|649.499|2196.524|1064.292|1877.256|0.000|3170.465|1623.900|1882.936|994.501|346.879|1783.578|3036.200|1682.664|2378.703|2752.026|1663.516|2001.836|2329.779|1028.485|84.853|1756.351|1339.563|1536.730|852.789|1938.330|1629.499|1847.317|893.368|182.099|2917.860|787.137|88.865|206.119|2718.244|1891.036|1166.345|3158.720|2963.914|2313.035|1984.526|1697.925|1707.311|2542.025|1170.043|2283.639|1699.229|868.079|1767.191|1198.294|2122.022|1250.040|2714.767|1423.218|356.770|1843.072|1383.020|1111.794|2939.135|1986.937|824.348|328.609|1655.387|48.415|725.100|783.639|2902.957|1992.850|2045.164|1987.145|2050.494|941.311|1398.320|261.222|2328.495|2917.336|804.547|1332.254|2275.344|447.161|1670.116|459.930|399.382|1101.581|1768.044|1852.635|67.469|767.704|1721.872|1587.638|1939.569|2135.900|581.111|1726.101|1582.943|1138.601
1499.882|1374.777|2157.389|2398.360|2209.142|2700.507|975.045|2214.961|1293.421|3170.465|0.000|1547.253|1318.745|2246.994|3503.175|1400.356|170.892|1501.640|819.699|447.893|1568.539|2326.202|892.108|2172.577|3253.963|1437.354|1846.957|1835.001|2335.365|1259.573|1562.487|1424.898|2316.878|3026.020|386.819|2427.591|3112.504|2999.008|484.580|1290.420|2004.188|66.708|312.570|857.457|1246.160|1528.282|1502.065|630.257|2297.572|902.921|1486.198|2329.897|1409.114|1983.708|1110.644|1921.445|471.267|1779.938|3088.916|1372.472|1843.780|2058.674|318.449|1206.708|2374.822|2888.382|1580.362|3131.441|2556.862|2453.759|268.067|1190.560|1230.139|1185.311|1123.278|2378.303|1804.669|3428.208|843.522|257.257|2412.008|1842.199|905.630|2760.609|1569.919|3624.583|3238.276|2069.053|1402.571|1319.031|3235.904|2509.285|1487.060|1583.023|1246.639|1034.919|2670.165|1472.958|1609.534|2031.907
300.137|243.939|678.224|870.600|664.118|1184.365|577.084|727.209|254.049|1623.900|1547.253|0.000|309.091|732.954|1956.013|235.595|1412.630|126.463|778.784|1130.381|281.002|1455.712|749.887|660.610|1707.118|200.062|318.705|573.083|804.438|348.852|218.037|409.695|782.943|1479.098|1304.494|891.476|1565.251|1452.152|1097.405|280.232|457.839|1534.820|1345.676|690.000|431.802|334.607|225.329|918.153|904.129|679.003|199.078|790.471|190.906|443.460|581.437|381.064|1091.726|292.063|1554.078|306.726|379.602|512.957|1320.015|416.886|834.816|1343.096|356.275|1584.417|1034.930|924.175|1279.452|379.473|528.266|373.209|427.300|888.545|310.628|1881.055|708.696|1293.487|877.046|314.086|654.145|1216.045|301.002|2077.329|1706.225|522.384|145.496|228.790|1689.041|989.280|228.633|62.129|362.097|515.190|1134.707|261.467|226.126|486.712
510.087|359.084|839.102|1161.183|912.277|1382.008|415.838|896.377|201.559|1882.936|1318.745|309.091|0.000|929.570|2204.367|376.175|1170.096|206.693|643.411|880.736|254.607|1344.861|651.264|961.616|1964.204|127.350|543.376|566.043|1093.933|59.439|476.047|193.693|1005.575|1727.300|1036.033|1116.581|1817.854|1700.031|845.370|91.219|734.298|1297.096|1085.152|491.749|123.045|554.355|183.325|694.395|1001.761|547.118|413.484|1022.681|332.280|684.726|567.523|672.450|849.318|465.130|1773.792|65.115|525.103|789.938|1061.513|419.734|1067.638|1584.627|596.095|1840.884|1239.457|1139.086|1052.542|142.888|223.897|297.473|233.825|1060.051|490.172|2134.770|528.251|1061.492|1100.382|616.883|415.217|1456.161|260.133|2327.691|1921.709|795.208|228.254|177.341|1946.103|1191.688|168.315|368.827|379.111|359.146|1357.002|459.830|504.230|766.042
939.905|964.965|133.959|514.449|198.842|455.010|1298.883|92.130|976.870|994.501|2246.994|732.954|929.570|0.000|1292.802|948.991|2099.665|748.904|1509.634|1810.239|688.698|1228.971|1482.830|519.671|1069.804|809.688|414.307|547.942|470.120|988.274|836.225|863.100|116.932|823.644|1959.588|208.432|919.054|796.624|1774.759|958.725|372.787|2226.542|2012.004|1401.478|1016.504|947.492|746.686|1618.905|347.144|1409.256|879.534|157.632|914.524|304.253|1306.526|463.350|1778.684|467.540|845.001|880.057|406.011|353.647|1989.111|1146.180|188.175|675.077|928.141|948.538|309.931|214.758|1979.818|1057.025|1064.843|1103.338|1130.300|170.485|443.095|1231.442|1427.661|1989.901|190.979|546.927|1341.431|549.065|691.882|1417.361|992.162|333.419|874.185|945.648|1052.090|262.292|761.715|721.269|1092.090|1236.299|432.640|928.982|800.062|372.204
2056.427|2146.389|1410.833|1144.594|1295.390|888.462|2531.349|1352.184|2210.001|346.879|3503.175|1956.013|2204.367|1292.802|0.000|2123.420|3365.629|2007.833|2717.967|3079.532|1976.099|2174.577|2671.104|1374.058|262.840|2078.962|1662.337|1819.069|1197.675|2260.997|1971.325|2155.125|1201.940|477.603|3240.386|1091.847|391.563|504.777|3045.207|2217.932|1500.385|3489.433|3288.746|2646.009|2301.219|2042.541|2025.535|2873.489|1412.638|2621.957|2039.694|1182.060|2105.198|1522.545|2465.066|1587.018|3043.693|1740.622|493.579|2161.161|1693.083|1446.796|3264.542|2327.437|1137.226|620.443|2000.675|377.795|998.361|1078.065|3235.260|2319.479|2355.838|2322.938|2380.756|1211.471|1715.554|94.403|2663.331|3248.733|1108.738|1671.031|2603.585|748.798|1981.089|124.663|411.341|1435.335|2101.006|2184.155|279.530|1045.048|2040.333|1922.527|2279.200|2470.159|861.769|2068.393|1925.044|1473.953
141.736|27.295|906.146|999.525|853.202|1392.572|431.885|952.303|191.149|1783.578|1400.356|235.595|376.175|948.991|2123.420|0.000|1281.140|310.306|595.189|1013.897|481.096|1662.882|549.259|772.379|1868.027|338.009|540.283|797.775|937.853|380.159|163.600|547.015|985.335|1650.855|1204.484|1089.802|1731.996|1624.505|984.672|295.711|630.754|1396.376|1234.896|556.260|483.396|186.142|403.628|786.804|1138.842|501.440|85.843|986.813|51.245|648.396|357.941|538.748|969.343|526.515|1746.501|413.091|614.623|681.124|1207.527|204.678|1029.572|1522.174|235.510|1747.158|1241.852|1127.672|1136.820|353.362|588.600|227.653|346.113|1110.498|543.846|2043.909|559.683|1154.953|1076.757|452.660|559.658|1398.013|499.329|2242.068|1900.048|695.040|160.798|202.411|1850.142|1197.925|399.051|228.965|156.029|378.653|1330.337|93.509|210.038|653.667
1389.425|1254.794|2006.233|2273.150|2070.287|2551.574|850.205|2064.304|1160.418|3036.200|170.892|1412.630|1170.096|2099.665|3365.629|1281.140|0.000|1359.030|722.337|290.000|1416.506|2155.401|803.359|2050.241|3119.145|1291.530|1705.050|1674.467|2209.012|1111.463|1444.557|1266.714|2173.298|2888.058|219.893|2284.253|2975.987|2860.927|326.120|1148.157|1870.470|129.283|146.479|727.987|1091.208|1420.824|1353.131|496.488|2138.513|794.830|1366.624|2188.004|1285.349|1843.549|1016.666|1790.713|322.039|1634.065|2943.571|1221.332|1694.765|1925.526|148.519|1095.216|2233.006|2748.473|1474.033|2996.222|2409.550|2308.529|157.632|1047.017|1069.360|1059.850|985.707|2226.853|1658.979|3292.429|721.543|131.609|2268.371|1714.181|762.190|2620.305|1416.849|3487.811|3091.788|1934.963|1269.523|1183.845|3101.051|2361.768|1338.098|1451.952|1130.797|907.397|2525.916|1358.782|1491.175|1899.130
407.339|308.132|673.303|954.492|712.879|1203.902|552.526|727.496|239.416|1682.664|1501.640|126.463|206.693|748.904|2007.833|310.306|1359.030|0.000|770.506|1071.863|171.164|1353.851|756.247|756.384|1764.600|82.097|346.023|491.248|887.253|257.599|337.877|283.290|815.243|1530.271|1235.332|925.999|1619.504|1503.069|1037.406|211.237|528.186|1484.194|1281.509|652.574|324.139|446.189|101.400|871.896|871.165|669.940|302.300|829.015|259.237|485.337|616.655|466.022|1037.008|282.312|1587.497|188.621|357.851|583.908|1257.000|450.454|874.009|1389.635|474.220|1641.346|1057.717|952.551|1233.795|312.014|413.575|370.438|381.408|891.832|306.198|1936.384|679.586|1245.215|910.374|413.726|597.054|1261.381|189.908|2130.573|1737.454|589.734|161.400|204.949|1746.489|1010.587|102.840|187.843|397.020|490.163|1168.540|362.604|351.001|559.723
682.663|571.686|1442.900|1592.985|1438.167|1962.689|227.607|1495.918|533.974|2378.703|819.699|778.784|643.411|1509.634|2717.967|595.189|722.337|770.506|0.000|502.173|889.985|1932.575|91.022|1364.119|2463.113|729.452|1095.863|1209.448|1532.204|589.560|752.639|815.552|1561.501|2244.291|706.697|1669.460|2326.440|2217.776|485.539|577.447|1220.762|824.970|713.427|198.305|635.611|709.358|807.853|283.214|1635.201|100.658|680.007|1567.753|613.348|1221.756|294.333|1131.428|450.672|1050.099|2331.136|708.205|1128.327|1272.863|684.830|393.412|1611.703|2113.304|761.003|2342.076|1813.570|1702.922|567.776|501.064|686.221|406.320|409.663|1659.688|1072.823|2638.915|146.441|591.014|1655.296|1046.958|316.128|1987.835|898.982|2836.968|2483.812|1285.663|635.567|566.763|2445.213|1767.712|794.400|801.452|439.164|285.776|1912.338|659.298|799.766|1245.492
1130.949|986.974|1716.255|1996.105|1784.211|2261.780|582.767|1774.356|880.596|2752.026|447.893|1130.381|880.736|1810.239|3079.532|1013.897|290.000|1071.863|502.173|0.000|1126.517|1910.326|591.859|1776.106|2834.608|1003.005|1417.779|1387.252|1931.168|822.322|1177.331|977.927|1885.001|2601.933|204.560|1996.000|2690.576|2574.755|36.688|861.632|1587.774|418.399|221.387|457.866|801.341|1165.541|1063.583|231.948|1850.344|552.784|1098.264|1900.380|1013.320|1557.005|787.001|1510.334|51.740|1345.232|2654.492|931.442|1405.081|1643.127|193.706|839.500|1945.391|2461.468|1219.541|2711.519|2120.067|2019.619|203.657|760.053|782.280|788.225|703.188|1936.859|1370.193|3007.280|461.979|198.829|1980.012|1436.159|476.736|2333.174|1126.856|3202.066|2802.400|1651.909|989.070|902.088|2816.502|2072.249|1048.550|1172.328|869.154|635.649|2237.258|1096.359|1223.179|1617.036
575.868|477.699|589.761|985.800|699.217|1136.284|663.834|648.010|383.172|1663.516|1568.539|281.002|254.607|688.698|1976.099|481.096|1416.506|171.164|889.985|1126.517|0.000|1182.719|888.471|813.610|1742.863|166.172|341.223|330.288|918.517|313.700|499.025|190.767|774.200|1501.393|1271.114|884.317|1594.232|1474.110|1090.562|312.851|557.413|1544.485|1324.463|745.950|328.002|613.143|85.633|947.602|748.024|791.324|471.332|796.041|429.913|478.774|770.660|521.847|1097.723|244.624|1533.334|196.329|283.387|609.899|1302.039|607.200|840.372|1355.742|637.177|1619.823|997.025|901.799|1303.614|395.275|381.792|509.907|482.296|810.354|268.522|1910.230|781.130|1311.415|867.523|496.145|668.506|1227.587|20.100|2100.214|1679.086|610.050|327.361|347.973|1724.845|949.013|97.082|334.631|555.932|604.219|1120.383|532.474|504.750|590.428
1755.480|1657.529|1116.635|1743.358|1411.078|1360.807|1718.948|1138.192|1535.700|2001.836|2326.202|1455.712|1344.861|1228.971|2174.577|1662.882|2155.401|1353.851|1932.575|1910.326|1182.719|0.000|1966.592|1708.788|2048.745|1330.108|1308.124|896.373|1696.552|1381.453|1669.946|1151.294|1337.005|1823.125|1943.328|1380.160|1913.009|1802.913|1876.832|1434.302|1468.688|2275.673|2016.667|1741.056|1307.964|1790.148|1259.499|1846.866|900.414|1851.396|1652.177|1379.719|1611.639|1345.362|1912.169|1509.003|1911.230|1239.272|1690.298|1285.228|1168.466|1488.695|2008.064|1762.078|1396.460|1691.845|1807.382|1954.337|1334.441|1344.462|2113.716|1466.144|1246.443|1642.303|1555.321|1155.988|1239.705|2156.004|1790.930|2105.361|1367.312|1544.236|1626.304|1608.364|1163.997|2286.238|1766.812|1473.332|1505.327|1503.842|2035.106|1308.809|1264.974|1499.751|1716.946|1675.958|1465.856|1713.999|1665.526|1490.386
622.630|527.947|1423.194|1539.105|1400.650|1933.168|247.645|1474.500|516.853|2329.779|892.108|749.887|651.264|1482.830|2671.104|549.259|803.359|756.247|91.022|591.859|888.471|1966.592|0.000|1309.002|2414.423|724.117|1068.586|1214.052|1479.812|601.641|700.321|833.031|1528.689|2199.638|796.222|1635.127|2279.937|2173.373|576.008|576.680|1179.695|901.419|800.905|261.324|660.473|645.591|804.212|374.226|1626.680|117.392|631.710|1532.627|573.841|1189.237|219.256|1088.004|540.230|1030.513|2294.399|716.341|1111.932|1230.368|772.340|344.581|1575.996|2071.432|695.519|2294.217|1783.151|1670.763|647.148|512.650|722.375|385.892|420.044|1637.164|1052.260|2590.578|212.038|671.751|1621.505|1001.553|374.518|1947.168|899.249|2789.010|2447.687|1244.148|611.036|551.385|2396.619|1738.039|791.609|766.061|395.464|294.613|1876.983|604.299|747.019|1202.912
687.492|797.808|601.269|230.868|320.924|799.064|1200.232|596.411|897.866|1028.485|2172.577|660.610|961.616|519.671|1374.058|772.379|2050.241|756.384|1364.119|1776.106|813.610|1708.788|1309.002|0.000|1113.322|838.308|486.045|882.832|177.485|1007.137|611.658|1000.742|454.120|916.804|1958.085|502.364|987.373|892.397|1744.837|940.811|267.925|2167.436|1995.024|1322.416|1080.516|670.257|819.103|1554.030|863.093|1272.937|686.560|422.907|764.921|383.713|1097.140|293.600|1734.052|587.456|1059.872|942.453|608.757|229.085|1968.477|970.734|442.556|808.993|626.936|996.466|664.856|556.925|1908.254|1039.156|1166.551|990.396|1077.384|667.659|570.036|1289.603|1330.325|1925.624|499.925|346.539|1305.138|700.178|828.580|1488.260|1211.692|240.520|791.835|880.386|1095.884|639.419|830.713|609.676|927.186|1142.972|686.289|705.313|564.491|237.356
1797.613|1891.448|1194.411|883.247|1052.090|707.221|2280.284|1137.213|1960.633|84.853|3253.963|1707.118|1964.204|1069.804|262.840|1868.027|3119.145|1764.600|2463.113|2834.608|1742.863|2048.745|2414.423|1113.322|0.000|1837.810|1420.863|1609.159|937.641|2019.858|1714.167|1925.747|970.943|247.952|2999.552|863.486|151.159|274.308|2800.724|1973.363|1249.775|3241.890|3046.038|2396.508|2064.876|1782.776|1787.863|2625.271|1231.990|2367.920|1783.749|946.903|1851.390|1279.811|2206.810|1334.002|2797.595|1503.443|375.229|1923.653|1461.618|1195.377|3021.361|2071.479|902.816|397.613|1740.230|123.321|792.925|857.351|2986.372|2075.151|2124.294|2071.035|2133.468|1009.397|1478.493|176.377|2412.269|3000.603|880.818|1416.510|2357.994|520.870|1749.123|375.084|383.815|1184.932|1851.440|1935.796|18.111|836.867|1802.480|1671.326|2024.002|2219.563|649.931|1810.819|1667.637|1222.256
453.353|329.310|725.425|1034.959|785.738|1263.759|505.594|781.492|217.412|1756.351|1437.354|200.062|127.350|809.688|2078.962|338.009|1291.530|82.097|729.452|1003.005|166.172|1330.108|724.117|838.308|1837.810|0.000|417.008|496.231|967.620|182.102|397.121|217.589|882.001|1601.668|1161.870|993.005|1691.816|1574.417|968.033|153.574|607.289|1417.729|1209.850|596.695|242.244|495.065|80.660|809.500|905.749|629.851|349.298|897.937|287.569|558.057|605.353|547.420|969.910|342.707|1652.240|107.490|409.024|662.872|1185.838|443.208|942.936|1459.655|528.928|1714.497|1119.516|1017.087|1170.132|247.760|331.904|343.796|327.053|945.836|367.545|2008.754|627.873|1180.329|977.008|495.803|531.749|1331.229|179.636|2202.101|1801.067|667.960|177.387|182.428|1819.705|1071.973|69.656|262.154|393.249|444.531|1234.389|405.357|416.541|639.163
552.490|554.322|367.049|645.120|368.912|866.907|887.904|412.022|564.471|1339.563|1846.957|318.705|543.376|414.307|1662.337|540.283|1705.050|346.023|1095.863|1417.779|341.223|1308.124|1068.586|486.045|1420.863|417.008|0.000|424.604|578.022|599.104|448.068|531.990|470.558|1184.895|1578.876|580.904|1274.822|1157.661|1383.216|557.032|220.635|1830.109|1626.447|994.441|647.446|569.425|370.203|1216.846|615.968|995.639|477.582|483.084|502.824|141.662|895.779|212.906|1383.023|101.823|1243.460|505.223|140.801|270.496|1602.205|733.515|528.061|1043.692|563.298|1297.546|718.276|609.765|1578.977|658.037|717.155|689.559|724.489|571.126|84.315|1591.760|1017.973|1590.818|565.584|236.172|943.009|915.398|353.193|1785.313|1394.327|269.314|460.298|534.333|1402.761|672.066|384.338|311.321|679.094|825.378|823.991|532.573|421.011|253.286
871.873|798.204|416.850|989.673|651.663|938.482|981.881|472.488|713.449|1536.730|1835.001|573.083|566.043|547.942|1819.069|797.775|1674.467|491.248|1209.448|1387.252|330.288|896.373|1214.052|882.832|1609.159|496.231|424.604|0.000|928.401|620.994|780.249|413.175|660.097|1361.356|1505.977|755.765|1458.003|1334.855|1350.587|637.541|618.615|1803.737|1566.951|1051.363|598.773|903.173|415.895|1233.889|465.843|1112.727|772.161|695.293|747.600|499.124|1100.869|635.687|1365.683|345.093|1345.666|501.379|284.524|653.826|1547.554|936.902|732.765|1211.674|915.871|1489.844|820.936|753.342|1577.030|708.649|605.142|839.443|799.808|608.342|348.566|1764.623|1091.268|1580.862|738.389|656.848|960.213|1089.569|316.863|1943.546|1480.293|643.765|652.329|678.260|1591.770|774.816|426.695|610.393|885.014|924.689|960.675|834.550|772.094|646.780
860.452|962.460|581.244|67.535|288.481|654.835|1360.798|559.086|1050.595|852.789|2335.365|804.438|1093.933|470.120|1197.675|937.853|2209.012|887.253|1532.204|1931.168|918.517|1696.552|1479.812|177.485|937.641|967.620|578.022|928.401|0.000|1143.396|780.023|1109.076|374.134|739.358|2108.605|385.467|810.171|715.028|1899.023|1083.045|362.824|2328.066|2148.387|1481.249|1208.572|845.138|937.438|1712.546|814.794|1439.293|852.460|334.037|926.286|448.831|1270.022|423.851|1890.558|678.313|887.178|1067.424|677.698|308.877|2122.323|1139.022|336.733|633.714|803.017|819.923|534.303|439.841|2069.672|1183.520|1287.640|1150.428|1228.912|586.767|657.001|1114.009|1491.931|2086.073|388.415|495.066|1456.805|528.936|931.074|1312.717|1037.938|308.709|942.465|1030.232|920.088|518.093|950.339|759.055|1093.626|1302.086|530.848|875.514|733.068|330.080
519.076|359.872|898.471|1210.440|967.771|1441.039|362.088|955.687|192.855|1938.330|1259.573|348.852|59.439|988.274|2260.997|380.159|1111.463|257.599|589.560|822.322|313.700|1381.453|601.641|1007.137|2019.858|182.102|599.104|620.994|1143.396|0.000|496.639|232.998|1063.207|1783.741|979.772|1174.225|1873.917|1756.486|787.091|84.971|785.611|1238.275|1027.932|433.518|103.446|563.773|242.539|634.956|1060.176|494.753|428.404|1079.725|341.229|740.063|532.226|720.503|790.435|523.004|1832.189|120.354|584.209|841.364|1004.054|393.573|1124.710|1641.557|608.778|1896.550|1298.193|1197.304|993.240|89.096|208.463|265.136|181.739|1119.415|548.000|2190.855|471.088|1002.330|1158.111|661.084|355.781|1513.112|318.653|2384.172|1980.342|847.328|247.243|177.924|2001.752|1250.463|227.554|405.938|358.558|307.592|1415.043|468.859|528.796|816.976
104.738|190.373|812.158|840.372|719.025|1267.047|595.485|852.233|328.434|1629.499|1562.487|218.037|476.047|836.225|1971.325|163.600|1444.557|337.877|752.639|1177.331|499.025|1669.946|700.321|611.658|1714.167|397.121|448.068|780.249|780.023|496.639|0.000|614.467|858.662|1501.504|1367.118|958.668|1580.462|1475.485|1147.920|413.098|492.878|1559.328|1398.234|719.806|595.255|124.780|439.209|950.403|1063.350|661.402|79.624|855.468|170.848|531.978|495.198|397.223|1132.909|464.014|1607.337|494.705|551.552|539.226|1370.921|359.235|896.561|1376.544|138.362|1594.168|1116.274|1000.200|1299.665|490.897|699.217|389.960|499.841|1003.277|475.212|1890.365|723.028|1318.083|946.810|308.016|719.590|1254.394|519.009|2088.857|1761.281|555.000|249.634|326.106|1696.380|1074.315|440.283|170.294|315.940|541.838|1195.252|97.985|47.170|511.989
669.292|534.374|753.909|1176.403|887.476|1301.615|589.810|813.138|390.283|1847.317|1424.898|409.695|193.693|863.100|2155.125|547.015|1266.714|283.290|815.552|977.927|190.767|1151.294|833.031|1000.742|1925.747|217.589|531.990|413.175|1109.076|232.998|614.467|0.000|955.055|1682.528|1107.680|1063.950|1776.319|1655.296|941.370|284.007|747.460|1395.784|1165.163|645.174|186.797|711.640|190.560|820.820|872.708|723.661|566.041|979.247|498.362|669.057|760.900|707.630|954.419|434.719|1703.666|137.481|464.315|800.328|1144.352|612.865|1023.033|1535.590|746.433|1803.016|1167.377|1077.706|1165.022|321.014|203.039|491.024|413.237|971.000|458.170|2091.380|688.142|1169.657|1046.871|673.884|548.777|1407.979|179.922|2279.541|1846.606|800.728|387.517|361.531|1907.791|1119.386|183.339|471.094|570.617|538.425|1295.704|620.520|632.197|780.467
959.588|1003.714|250.320|411.005|150.655|408.447|1357.498|207.511|1033.581|893.368|2316.878|782.943|1005.575|116.932|1201.940|985.335|2173.298|815.243|1561.501|1885.001|774.200|1337.005|1528.689|454.120|970.943|882.001|470.558|660.097|374.134|1063.207|858.662|955.055|0.000|727.595|2040.537|111.018|821.280|700.341|1850.022|1026.475|370.552|2299.036|2090.688|1464.985|1099.568|961.774|824.903|1686.993|443.615|1461.900|910.319|42.720|955.494|339.796|1342.818|466.933|1851.454|540.490|772.912|960.173|491.498|335.596|2067.086|1187.152|72.671|581.544|936.335|848.487|257.620|142.338|2049.002|1126.783|1154.576|1156.135|1194.982|215.741|515.428|1136.495|1488.036|2060.428|95.132|555.656|1411.995|453.415|779.493|1326.017|924.063|316.267|927.468|1004.234|953.030|216.453|839.803|762.640|1134.221|1295.071|353.452|954.694|818.648|359.685
1589.728|1673.282|947.060|693.577|817.793|467.732|2055.060|889.634|1733.140|182.099|3026.020|1479.098|1727.300|823.644|477.603|1650.855|2888.058|1530.271|2244.291|2601.933|1501.393|1823.125|2199.638|916.804|247.952|1601.668|1184.895|1361.356|739.358|1783.741|1501.504|1682.528|727.595|0.000|2763.324|618.751|97.062|27.295|2567.622|1740.329|1024.643|3011.959|2811.342|2169.067|1825.339|1578.390|1549.095|2396.175|988.130|2147.581|1567.937|705.853|1631.020|1044.962|1996.462|1112.870|2566.108|1264.212|238.430|1684.823|1219.062|971.671|2787.075|1855.330|661.230|149.693|1538.889|133.686|545.353|610.320|2758.052|1841.882|1882.140|1847.194|1903.341|761.825|1239.169|408.902|2186.996|2771.365|635.943|1198.207|2125.992|274.804|1507.002|600.433|345.488|959.577|1624.259|1707.001|230.790|589.001|1563.842|1446.647|1806.234|1993.678|402.057|1599.114|1455.753|998.972
1326.005|1177.316|1858.430|2174.377|1947.473|2406.285|776.810|1917.302|1060.219|2917.860|386.819|1304.494|1036.033|1959.588|3240.386|1204.484|219.893|1235.332|706.697|204.560|1271.114|1943.328|796.222|1958.085|2999.552|1161.870|1578.876|1505.977|2108.605|979.772|1367.118|1107.680|2040.537|2763.324|0.000|2151.430|2853.682|2736.058|225.222|1028.884|1758.976|332.670|74.250|652.077|943.136|1361.914|1215.635|433.720|1971.802|755.821|1287.618|2058.538|1200.257|1719.746|990.818|1685.558|256.035|1500.262|2804.428|1080.558|1553.652|1814.665|75.240|1037.139|2103.460|2620.506|1416.069|2876.253|2268.127|2171.784|264.153|927.245|905.630|977.168|880.762|2077.391|1525.341|3170.618|661.346|237.023|2135.023|1614.844|652.952|2492.034|1269.004|3363.723|2950.000|1822.245|1166.930|1078.705|2981.444|2220.109|1200.735|1350.154|1063.926|826.090|2390.264|1289.512|1412.221|1789.182
1058.001|1108.876|339.419|405.080|240.154|312.580|1466.965|287.200|1142.972|787.137|2427.591|891.476|1116.581|208.432|1091.847|1089.802|2284.253|925.999|1669.460|1996.000|884.317|1380.160|1635.127|502.364|863.486|993.005|580.904|755.765|385.467|1174.225|958.668|1063.950|111.018|618.751|2151.430|0.000|713.224|591.562|1961.031|1137.236|466.521|2409.932|2201.680|1575.147|1210.165|1057.811|935.799|1797.618|479.764|1570.109|1013.186|103.247|1061.423|448.020|1446.519|563.067|1962.388|651.480|663.001|1070.992|601.236|425.340|2178.093|1292.604|64.203|471.721|1029.630|741.596|166.244|55.036|2159.679|1237.647|1264.115|1264.649|1305.393|225.471|626.422|1027.491|1597.729|2171.213|17.464|652.559|1522.854|344.052|889.250|1216.063|814.772|407.357|1036.372|1113.960|845.665|137.058|950.710|869.249|1240.105|1404.602|243.387|1055.547|917.322|451.260
1666.564|1754.896|1043.305|760.043|906.626|561.970|2140.103|986.065|1819.145|88.865|3112.504|1565.251|1817.854|919.054|391.563|1731.996|2975.987|1619.504|2326.440|2690.576|1594.232|1913.009|2279.937|987.373|151.159|1691.816|1274.822|1458.003|810.171|1873.917|1580.462|1776.319|821.280|97.062|2853.682|713.224|0.000|123.167|2656.464|1828.989|1109.076|3099.363|2900.969|2255.174|1917.228|1653.625|1640.549|2483.103|1084.261|2230.394|1648.398|798.221|1713.635|1134.249|2074.669|1195.457|2654.186|1355.835|278.729|1776.333|1312.435|1055.345|2876.504|1936.108|753.871|246.546|1612.707|42.953|642.412|706.307|2844.676|1930.681|1975.383|1931.524|1990.649|858.886|1330.833|316.938|2272.097|2858.417|730.507|1279.532|2214.242|370.000|1600.187|512.079|345.689|1044.048|1710.075|1793.616|133.825|686.033|1655.232|1531.188|1887.732|2079.012|499.092|1677.704|1534.314|1082.473
1564.030|1646.866|920.318|670.188|790.648|445.479|2028.208|862.987|1706.198|206.119|2999.008|1452.152|1700.031|796.624|504.777|1624.505|2860.927|1503.069|2217.776|2574.755|1474.110|1802.913|2173.373|892.397|274.308|1574.417|1157.661|1334.855|715.028|1756.486|1475.485|1655.296|700.341|27.295|2736.058|591.562|123.167|0.000|2540.432|1713.160|997.928|2984.869|2784.107|2142.103|1798.044|1552.955|1521.805|2369.132|964.005|2120.986|1541.690|678.559|1604.475|1017.770|1970.513|1086.382|2538.970|1236.920|242.297|1657.531|1191.799|945.061|2759.849|1829.016|633.937|123.438|1513.699|157.813|519.736|583.460|2731.031|1814.703|1854.876|1820.428|1876.273|736.156|1211.877|436.165|2160.135|2744.306|608.767|1171.881|2098.846|247.681|1479.733|627.685|358.766|932.868|1597.341|1680.001|256.984|563.053|1536.552|1419.878|1779.825|1966.797|376.145|1573.140|1429.801|972.380
1103.453|957.654|1680.319|1964.127|1749.983|2226.049|554.510|1738.471|848.455|2718.244|484.580|1097.405|845.370|1774.759|3045.207|984.672|326.120|1037.406|485.539|36.688|1090.562|1876.832|576.008|1744.837|2800.724|968.033|1383.216|1350.587|1899.023|787.091|1147.920|941.370|1850.022|2567.622|225.222|1961.031|2656.464|2540.432|0.000|827.479|1554.524|454.740|250.492|429.508|765.095|1138.652|1028.075|208.600|1813.738|530.818|1068.686|1865.644|982.995|1522.662|766.219|1477.697|50.010|1310.075|2619.162|895.662|1369.457|1609.942|223.651|813.153|1910.654|2426.899|1192.740|2677.598|2084.546|1984.383|238.315|725.794|745.600|758.327|670.466|1900.871|1335.054|2973.222|436.496|234.830|1945.004|1404.124|443.356|2298.572|1090.774|3167.836|2766.916|1618.551|956.666|869.391|2782.617|2036.708|1013.045|1140.023|841.430|606.082|2202.120|1068.080|1193.557|1583.935
434.166|276.101|877.935|1149.576|922.582|1413.509|352.409|933.521|112.112|1891.036|1290.420|280.232|91.219|958.725|2217.932|295.711|1148.157|211.237|577.447|861.632|312.851|1434.302|576.680|940.811|1973.363|153.574|557.032|637.541|1083.045|84.971|413.098|284.007|1026.475|1740.329|1028.884|1137.236|1828.989|1713.160|827.479|0.000|730.157|1273.077|1073.041|444.083|187.747|478.853|230.489|660.822|1058.274|478.511|343.759|1040.108|256.260|695.486|479.334|659.193|826.119|491.232|1798.614|149.375|561.320|785.879|1048.124|328.877|1085.090|1600.320|523.826|1850.200|1268.045|1163.568|1022.609|101.833|293.027|209.401|173.612|1097.959|515.632|2145.745|474.384|1033.980|1121.606|594.310|386.005|1472.150|322.800|2340.434|1948.384|793.363|164.794|93.301|1955.253|1220.755|216.954|333.362|287.903|291.872|1379.746|383.928|446.593|760.561
591.501|651.771|401.329|430.353|226.433|777.030|1031.031|419.058|710.912|1166.345|2004.188|457.839|734.298|372.787|1500.385|630.754|1870.470|528.186|1220.762|1587.774|557.413|1468.688|1179.695|267.925|1249.775|607.289|220.635|618.615|362.824|785.611|492.878|747.460|370.552|1024.643|1758.976|466.521|1109.076|997.928|1554.524|730.157|0.000|1992.511|1802.002|1146.733|847.005|591.805|574.674|1375.754|675.850|1123.398|550.884|363.585|607.559|123.629|984.327|96.649|1549.492|322.453|1116.326|705.386|341.123|55.785|1776.636|835.259|403.911|892.570|565.796|1127.300|626.888|510.036|1736.620|831.731|924.865|822.623|885.006|542.886|303.646|1424.170|1163.027|1751.032|455.290|186.046|1111.171|767.579|570.800|1621.005|1270.078|65.069|601.699|686.626|1231.716|586.962|587.663|422.143|784.529|970.019|702.473|590.276|450.921|33.015
1500.442|1370.370|2134.110|2391.719|2194.365|2678.953|967.478|2192.068|1281.752|3158.720|66.708|1534.820|1297.096|2226.542|3489.433|1396.376|129.283|1484.194|824.970|418.399|1544.485|2275.673|901.419|2167.436|3241.890|1417.729|1830.109|1803.737|2328.066|1238.275|1559.328|1395.784|2299.036|3011.959|332.670|2409.932|3099.363|2984.869|454.740|1273.077|1992.511|0.000|259.017|847.120|1219.732|1530.335|1480.287|616.793|2267.716|903.568|1482.115|2313.182|1402.730|1968.037|1118.302|1911.494|447.876|1760.406|3069.966|1349.033|1822.039|2047.356|268.924|1206.385|2358.166|2873.056|1583.011|3119.106|2536.466|2434.813|259.788|1172.311|1198.621|1177.757|1108.722|2354.826|1785.270|3415.564|837.131|241.994|2394.144|1833.766|887.144|2745.009|1545.065|3611.341|3218.535|2057.175|1390.969|1306.098|3223.808|2488.737|1465.256|1572.699|1244.206|1026.016|2651.924|1471.637|1606.191|2020.800
1352.327|1207.919|1913.213|2213.685|1994.361|2460.610|804.070|1971.876|1098.072|2963.914|312.570|1345.676|1085.152|2012.004|3288.746|1234.896|146.479|1281.509|713.427|221.387|1324.463|2016.667|800.905|1995.024|3046.038|1209.850|1626.447|1566.951|2148.387|1027.932|1398.234|1165.163|2090.688|2811.342|74.250|2201.680|2900.969|2784.107|250.492|1073.041|1802.002|259.017|0.000|679.121|996.650|1386.820|1266.310|452.588|2032.537|771.058|1319.056|2107.651|1233.487|1766.722|1003.180|1726.420|268.829|1550.201|2857.002|1132.016|1606.015|1857.550|28.601|1060.661|2152.632|2669.483|1440.793|2922.808|2321.169|2223.291|216.518|971.208|964.217|1008.767|919.484|2132.844|1575.260|3217.870|682.994|186.593|2185.428|1653.694|691.703|2541.042|1323.144|3411.758|3003.450|1865.742|1205.922|1118.282|3027.927|2273.198|1251.336|1389.335|1090.540|856.412|2441.554|1317.695|1443.946|1831.740
674.093|529.439|1321.941|1545.226|1353.038|1856.475|125.004|1377.604|436.029|2313.035|857.457|690.000|491.749|1401.478|2646.009|556.260|727.987|652.574|198.305|457.866|745.950|1741.056|261.324|1322.416|2396.508|596.695|994.441|1051.363|1481.249|433.518|719.806|645.174|1464.985|2169.067|652.077|1575.147|2255.174|2142.103|429.508|444.083|1146.733|847.120|679.121|0.000|459.666|709.846|669.487|231.614|1493.509|153.574|640.977|1476.051|557.732|1128.910|371.442|1064.561|413.117|934.495|2237.896|553.716|1005.355|1201.260|651.568|385.946|1520.821|2032.384|764.010|2273.987|1710.094|1603.808|589.981|351.141|497.318|332.122|271.229|1542.042|958.629|2570.772|51.865|605.184|1559.965|986.697|117.924|1904.942|751.879|2767.247|2388.662|1211.596|545.132|462.390|2378.449|1663.062|654.991|725.865|412.012|179.446|1818.378|638.627|765.880|1174.534
621.737|463.298|916.712|1276.007|1015.166|1463.960|413.600|975.283|296.139|1984.526|1246.160|431.802|123.045|1016.504|2301.219|483.396|1091.208|324.139|635.611|801.341|328.002|1307.964|660.473|1080.516|2064.876|242.244|647.446|598.773|1208.572|103.446|595.255|186.797|1099.568|1825.339|943.136|1210.165|1917.228|1798.044|765.095|187.747|847.005|1219.732|996.650|459.666|0.000|666.391|277.481|635.449|1054.164|547.461|529.299|1119.493|443.606|789.031|616.923|789.535|774.910|561.443|1861.293|142.338|610.689|902.296|974.442|488.329|1164.186|1680.795|710.643|1941.623|1325.024|1229.111|983.772|165.327|105.309|357.136|248.697|1136.729|586.417|2233.803|503.945|989.760|1193.553|737.212|362.012|1552.423|326.553|2425.073|2007.064|906.369|345.774|281.016|2046.807|1277.014|263.154|491.810|457.109|368.046|1447.677|571.454|625.233|879.241
44.721|210.419|930.640|901.113|817.712|1368.833|585.317|968.600|377.127|1697.925|1528.282|334.607|554.355|947.492|2042.541|186.142|1420.824|446.189|709.358|1165.541|613.143|1790.148|645.591|670.257|1782.776|495.065|569.425|903.173|845.138|563.773|124.780|711.640|961.774|1578.390|1361.914|1057.811|1653.625|1552.955|1138.652|478.853|591.805|1530.335|1386.820|709.846|666.391|0.000|547.015|934.538|1185.359|626.805|145.774|955.178|222.847|644.289|429.298|495.165|1118.515|588.698|1696.499|583.662|676.062|633.338|1358.854|326.466|994.620|1459.048|54.203|1664.746|1218.643|1101.836|1270.942|539.446|771.695|398.197|526.966|1116.198|599.573|1959.142|704.071|1291.604|1046.948|406.123|730.000|1339.888|632.851|2157.848|1850.462|650.696|327.940|385.996|1765.225|1178.196|546.111|292.838|298.751|540.042|1289.795|94.937|149.215|606.875
507.568|398.137|656.068|1004.973|737.690|1198.724|582.763|713.170|297.553|1707.311|1502.065|225.329|183.325|746.686|2025.535|403.628|1353.131|101.400|807.853|1063.583|85.633|1259.499|804.212|819.103|1787.863|80.660|370.203|415.895|937.438|242.539|439.209|190.560|824.903|1549.095|1215.635|935.799|1640.549|1521.805|1028.075|230.489|574.674|1480.287|1266.310|669.487|277.481|547.015|0.000|877.031|827.851|708.651|402.449|843.481|352.423|511.682|685.164|525.556|1032.566|284.918|1591.302|135.794|341.797|629.300|1243.049|522.078|888.312|1405.295|575.608|1664.580|1056.485|957.033|1235.775|318.454|350.203|424.455|402.385|876.986|309.982|1957.276|702.701|1244.814|919.416|485.795|598.018|1276.841|100.125|2149.182|1738.841|632.155|246.260|262.378|1769.784|1008.669|15.033|284.923|471.221|522.358|1175.245|461.913|451.221|607.358
900.623|760.164|1533.065|1776.663|1579.015|2073.241|354.949|1589.935|664.959|2542.025|630.257|918.153|694.395|1618.905|2873.489|786.804|496.488|871.896|283.214|231.948|947.602|1846.866|374.226|1554.030|2625.271|809.500|1216.846|1233.889|1712.546|634.956|950.403|820.820|1686.993|2396.175|433.720|1797.618|2483.103|2369.132|208.600|660.822|1375.754|616.793|452.588|231.614|635.449|934.538|877.031|0.000|1688.436|322.233|871.884|1699.700|789.305|1353.453|557.862|1294.849|183.981|1151.421|2459.392|751.473|1217.723|1430.570|424.474|608.208|1744.613|2258.186|988.440|2502.552|1928.525|1824.386|362.199|561.894|642.098|563.704|493.050|1753.942|1176.007|2799.123|230.489|375.341|1782.112|1217.784|279.201|2130.376|950.832|2995.150|2609.198|1440.451|774.176|689.529|2607.193|1881.114|862.129|956.036|639.407|411.060|2040.375|867.218|996.707|1404.007
1167.303|1148.056|274.521|854.546|544.266|526.776|1410.614|266.925|1110.357|1170.043|2297.572|904.129|1001.761|347.144|1412.638|1138.842|2138.513|871.165|1635.201|1850.344|748.024|900.414|1626.680|863.093|1231.990|905.749|615.968|465.843|814.794|1060.176|1063.350|872.708|443.615|988.130|1971.802|479.764|1084.261|964.005|1813.738|1058.274|675.850|2267.716|2032.537|1493.509|1054.164|1185.359|827.851|1688.436|0.000|1535.508|1086.272|485.828|1095.000|570.355|1481.439|750.147|1827.094|612.334|923.108|940.398|524.549|673.547|2012.925|1314.902|498.182|843.047|1178.329|1121.656|453.971|445.657|2037.335|1143.263|1069.455|1241.340|1229.856|256.628|595.466|1370.402|1529.154|2042.319|466.930|818.841|1411.071|739.106|741.631|1535.044|1044.702|654.361|1024.625|1075.515|1215.921|420.098|841.666|915.000|1260.159|1350.064|595.928|1144.205|1036.946|685.613
597.164|477.067|1342.245|1500.822|1339.624|1862.525|134.063|1395.267|433.336|2283.639|902.921|679.003|547.118|1409.256|2621.957|501.440|794.830|669.940|100.658|552.784|791.324|1851.396|117.392|1272.937|2367.920|629.851|995.639|1112.727|1439.293|494.753|661.402|723.661|1461.900|2147.581|755.821|1570.109|2230.394|2120.986|530.818|478.511|1123.398|903.568|771.058|153.574|547.461|626.805|708.651|322.233|1535.508|0.000|586.928|1468.597|516.759|1122.242|236.280|1034.981|502.905|949.442|2232.133|612.145|1027.736|1175.925|742.593|303.837|1512.656|2015.710|679.654|2246.571|1713.542|1603.173|644.138|405.765|606.082|306.105|313.464|1559.054|972.175|2543.523|111.485|665.033|1555.845|951.412|260.555|1889.919|800.765|2741.371|2384.652|1188.385|535.360|466.107|2349.984|1667.595|695.359|703.006|345.834|188.042|1813.126|570.307|708.566|1148.611
105.119|111.830|844.618|913.907|775.121|1318.448|516.939|888.248|252.438|1699.229|1486.198|199.078|413.484|879.534|2039.694|85.843|1366.624|302.300|680.007|1098.264|471.332|1652.177|631.710|686.560|1783.749|349.298|477.582|772.161|852.460|428.404|79.624|566.041|910.319|1567.937|1287.618|1013.186|1648.398|1541.690|1068.686|343.759|550.884|1482.115|1319.056|640.977|529.299|145.774|402.449|871.884|1086.272|586.928|0.000|909.992|92.849|576.514|433.632|457.404|1054.090|476.828|1667.210|439.319|565.553|600.031|1291.799|287.767|952.171|1440.476|182.833|1663.121|1167.579|1052.526|1222.593|416.019|634.218|310.517|421.038|1043.690|491.546|1959.739|645.280|1240.634|1000.585|370.062|640.008|1316.974|490.765|2158.012|1820.950|614.593|185.324|253.600|1765.891|1124.400|401.020|171.826|241.168|462.650|1252.406|62.394|124.920|572.588
954.969|1006.040|289.664|369.121|137.557|413.998|1366.740|249.110|1042.763|868.079|2329.897|790.471|1022.681|157.632|1182.060|986.813|2188.004|829.015|1567.753|1900.380|796.041|1379.719|1532.627|422.907|946.903|897.937|483.084|695.293|334.037|1079.725|855.468|979.247|42.720|705.853|2058.538|103.247|798.221|678.559|1865.644|1040.108|363.585|2313.182|2107.651|1476.051|1119.493|955.178|843.481|1699.700|485.828|1468.597|909.992|0.000|958.830|347.428|1343.379|460.197|1866.000|558.564|763.635|979.136|514.942|323.682|2083.749|1189.817|45.011|561.969|927.636|823.969|264.940|148.003|2061.879|1141.002|1177.391|1163.458|1206.974|253.237|533.499|1114.462|1497.793|2073.868|91.788|549.626|1426.059|433.497|802.225|1305.717|916.066|305.287|935.645|1014.244|928.903|228.642|858.274|766.997|1137.459|1304.482|344.606|952.311|814.236|349.182
178.272|53.075|866.762|989.305|826.946|1361.355|435.336|914.261|159.963|1767.191|1409.114|190.906|332.280|914.524|2105.198|51.245|1285.349|259.237|613.348|1013.320|429.913|1611.639|573.841|764.921|1851.390|287.569|502.824|747.600|926.286|341.229|170.848|498.362|955.494|1631.020|1200.257|1061.423|1713.635|1604.475|982.995|256.260|607.559|1402.730|1233.487|557.732|443.606|222.847|352.423|789.305|1095.000|516.759|92.849|958.830|0.000|616.717|392.983|518.252|970.184|482.958|1720.693|365.779|570.453|659.515|1206.491|231.976|1002.158|1500.124|267.793|1729.907|1210.927|1097.727|1143.826|323.798|548.897|225.610|329.029|1073.924|501.243|2026.888|565.860|1160.836|1047.926|435.000|550.295|1374.977|448.108|2224.663|1873.904|672.394|111.004|163.976|1833.436|1166.369|347.960|193.497|178.732|378.375|1303.144|127.945|213.359|632.147
635.759|665.764|298.585|514.758|227.728|744.658|1019.324|327.906|695.339|1198.294|1983.708|443.460|684.726|304.253|1522.545|648.396|1843.549|485.337|1221.756|1557.005|478.774|1345.362|1189.237|383.713|1279.811|558.057|141.662|499.124|448.831|740.063|531.978|669.057|339.796|1044.962|1719.746|448.020|1134.249|1017.770|1522.662|695.486|123.629|1968.037|1766.722|1128.910|789.031|644.289|511.682|1353.453|570.355|1122.242|576.514|347.428|616.717|0.000|1006.336|180.136|1521.526|234.342|1110.778|646.846|230.202|154.829|1742.297|848.644|392.046|905.020|627.271|1156.509|594.216|481.598|1715.644|796.955|857.450|816.652|860.456|471.963|211.256|1451.162|1150.369|1728.104|433.614|251.446|1081.363|777.016|489.253|1645.237|1262.785|146.239|588.396|666.888|1261.704|549.746|525.890|423.430|795.327|957.056|691.298|624.943|496.244|148.627
409.704|341.674|1259.319|1327.846|1208.743|1750.366|277.346|1307.208|388.021|2122.022|1110.644|581.437|567.523|1306.526|2465.066|357.941|1016.666|616.655|294.333|787.001|770.660|1912.169|219.256|1097.140|2206.810|605.353|895.779|1100.869|1270.022|532.226|495.198|760.900|1342.818|1996.462|990.818|1446.519|2074.669|1970.513|766.219|479.334|984.327|1118.302|1003.180|371.442|616.923|429.298|685.164|557.862|1481.439|236.280|433.632|1343.379|392.983|1006.336|0.000|890.167|736.465|872.158|2100.576|628.657|958.063|1032.746|974.610|166.712|1385.717|1871.658|477.938|2087.545|1599.598|1485.136|861.934|452.094|702.672|270.141|371.903|1466.828|891.682|2383.149|341.738|885.341|1433.737|801.836|449.565|1749.117|784.931|2581.795|2254.378|1047.734|457.849|422.928|2189.116|1555.802|674.999|585.403|221.298|279.034|1686.035|397.394|540.712|1005.355
495.084|560.643|477.194|490.470|322.926|873.676|946.763|501.734|630.356|1250.040|1921.445|381.064|672.450|463.350|1587.018|538.748|1790.713|466.022|1131.428|1510.334|521.847|1509.003|1088.004|293.600|1334.002|547.420|212.906|635.687|423.851|720.503|397.223|707.630|466.933|1112.870|1685.558|563.067|1195.457|1086.382|1477.697|659.193|96.649|1911.494|1726.420|1064.561|789.535|495.165|525.556|1294.849|750.147|1034.981|457.404|460.197|518.252|180.136|890.167|0.000|1470.782|308.235|1210.564|650.210|351.204|142.636|1700.617|743.424|500.289|983.435|469.666|1212.165|723.498|606.671|1654.431|759.743|873.657|737.133|807.233|633.834|295.466|1509.191|1078.670|1669.662|551.920|89.555|1034.733|859.589|537.520|1706.733|1364.444|157.800|521.422|608.307|1316.006|683.381|537.275|338.813|693.605|886.526|798.104|494.899|354.696|115.209
1084.489|942.550|1687.014|1955.182|1748.323|2231.286|537.587|1744.805|840.498|2714.767|471.267|1091.726|849.318|1778.684|3043.693|969.343|322.039|1037.008|450.672|51.740|1097.723|1911.230|540.230|1734.052|2797.595|969.910|1383.023|1365.683|1890.558|790.435|1132.909|954.419|1851.454|2566.108|256.035|1962.388|2654.186|2538.970|50.010|826.119|1549.492|447.876|268.829|413.117|774.910|1118.515|1032.566|183.981|1827.094|502.905|1054.090|1866.000|970.184|1521.526|736.465|1470.782|0.000|1312.561|2622.126|901.885|1374.354|1604.681|240.601|792.187|1911.000|2426.436|1172.421|2674.615|2088.611|1986.994|212.615|725.001|762.006|744.713|664.489|1907.850|1337.438|2970.704|414.468|215.244|1946.544|1395.497|440.164|2298.267|1098.843|3165.945|2770.660|1613.852|949.362|863.049|2779.496|2040.894|1017.539|1132.294|823.067|591.927|2204.209|1050.697|1178.997|1578.412
564.735|535.964|393.005|745.174|455.544|922.280|834.480|445.926|516.236|1423.218|1779.938|292.063|465.130|467.540|1740.622|526.515|1634.065|282.312|1050.099|1345.232|244.624|1239.272|1030.513|587.456|1503.443|342.707|101.823|345.093|678.313|523.004|464.014|434.719|540.490|1264.212|1500.262|651.480|1355.835|1236.920|1310.075|491.232|322.453|1760.406|1550.201|934.495|561.443|588.698|284.918|1151.421|612.334|949.442|476.828|558.564|482.958|234.342|872.158|308.235|1312.561|0.000|1309.565|420.611|88.730|371.828|1526.634|706.414|603.404|1120.413|591.845|1380.200|777.113|674.463|1512.556|589.594|624.878|645.777|663.268|610.017|25.080|1672.489|961.897|1522.975|635.255|314.377|874.309|991.953|254.922|1864.265|1458.384|369.803|420.060|483.396|1485.377|729.697|299.713|305.013|651.497|772.010|892.045|536.614|446.249|355.069
1702.254|1766.755|950.177|853.972|893.756|407.185|2129.950|890.875|1805.951|356.770|3088.916|1554.078|1773.792|845.001|493.579|1746.501|2943.571|1587.497|2331.136|2654.492|1533.334|1690.298|2294.399|1059.872|375.229|1652.240|1243.460|1345.666|887.178|1832.189|1607.337|1703.666|772.912|238.430|2804.428|663.001|278.729|242.297|2619.162|1798.614|1116.326|3069.966|2857.002|2237.896|1861.293|1696.499|1591.302|2459.392|923.108|2232.133|1667.210|763.635|1720.693|1110.778|2100.576|1210.564|2622.126|1309.565|0.000|1725.024|1251.006|1068.172|2834.071|1950.570|719.478|259.856|1662.026|319.776|536.583|635.198|2821.204|1898.388|1906.438|1927.092|1967.786|738.654|1284.697|465.897|2260.727|2832.180|677.977|1299.388|2183.493|360.014|1535.880|613.714|154.003|1052.871|1699.165|1776.948|365.558|584.624|1606.319|1529.902|1898.941|2067.598|419.620|1705.218|1563.625|1095.483
540.316|399.045|785.140|1134.909|873.257|1330.396|480.601|843.035|252.970|1843.072|1372.472|306.726|65.115|880.057|2161.161|413.091|1221.332|188.621|708.205|931.442|196.329|1285.228|716.341|942.453|1923.653|107.490|505.223|501.379|1067.424|120.354|494.705|137.481|960.173|1684.823|1080.558|1070.992|1776.333|1657.531|895.662|149.375|705.386|1349.033|1132.016|553.716|142.338|583.662|135.794|751.473|940.398|612.145|439.319|979.136|365.779|646.846|628.657|650.210|901.885|420.611|1725.024|0.000|474.178|760.543|1109.055|477.084|1023.938|1540.860|621.727|1800.368|1189.486|1091.412|1107.330|207.270|225.055|358.600|298.761|1005.965|445.660|2093.048|591.419|1115.296|1054.530|601.805|472.522|1412.421|199.552|2284.853|1871.899|764.348|256.164|224.076|1905.574|1141.568|121.202|368.631|433.706|424.210|1309.808|490.702|517.880|737.751
652.886|623.513|316.623|742.849|428.534|856.932|909.598|372.474|595.763|1383.020|1843.780|379.602|525.103|406.011|1693.083|614.623|1694.765|357.851|1128.327|1405.081|283.387|1168.466|1111.932|608.757|1461.618|409.024|140.801|284.524|677.698|584.209|551.552|464.315|491.498|1219.062|1553.652|601.236|1312.435|1191.799|1369.457|561.320|341.123|1822.039|1606.015|1005.355|610.689|676.062|341.797|1217.723|524.549|1027.736|565.553|514.942|570.453|230.202|958.063|351.204|1374.354|88.730|1251.006|474.178|0.000|382.613|1583.182|791.884|558.814|1072.869|677.562|1338.805|715.308|618.497|1577.278|656.611|663.081|726.276|734.744|536.815|76.968|1627.964|1035.038|1586.539|584.363|376.048|939.106|944.875|288.028|1817.288|1397.725|375.932|503.397|562.029|1443.645|667.396|356.821|393.733|737.010|847.439|837.082|625.259|532.189|371.442
635.639|702.738|400.666|376.324|186.462|737.547|1085.017|410.534|765.634|1111.794|2058.674|512.957|789.938|353.647|1446.796|681.124|1925.526|583.908|1272.863|1643.127|609.899|1488.695|1230.368|229.085|1195.377|662.872|270.496|653.826|308.877|841.364|539.226|800.328|335.596|971.671|1814.665|425.340|1055.345|945.061|1609.942|785.879|55.785|2047.356|1857.550|1201.260|902.296|633.338|629.300|1430.570|673.547|1175.925|600.031|323.682|659.515|154.829|1032.746|142.636|1604.681|371.828|1068.172|760.543|382.613|0.000|1832.145|885.793|361.707|841.107|604.299|1073.067|588.545|471.514|1791.212|887.426|979.408|876.185|940.223|521.207|351.746|1370.023|1217.015|1805.794|415.313|231.225|1166.585|717.001|622.782|1567.103|1222.092|20.248|656.410|741.701|1177.333|550.601|642.423|476.010|835.661|1024.195|657.012|637.064|495.962|27.459
1324.494|1180.580|1891.144|2187.528|1969.878|2438.305|776.472|1949.723|1071.854|2939.135|318.449|1320.015|1061.513|1989.111|3264.542|1207.527|148.519|1257.000|684.830|193.706|1302.039|2008.064|772.340|1968.477|3021.361|1185.838|1602.205|1547.554|2122.323|1004.054|1370.921|1144.352|2067.086|2787.075|75.240|2178.093|2876.504|2759.849|223.651|1048.124|1776.636|268.924|28.601|651.568|974.442|1358.854|1243.049|424.474|2012.925|742.593|1291.799|2083.749|1206.491|1742.297|974.610|1700.617|240.601|1526.634|2834.071|1109.055|1583.182|1832.145|0.000|1032.630|2128.741|2645.486|1412.806|2898.155|2298.441|2200.082|196.127|946.299|943.994|981.611|893.505|2110.986|1551.682|3193.378|654.930|167.191|2161.889|1627.521|665.902|2517.065|1300.994|3387.460|2980.799|1840.470|1179.875|1092.375|3003.250|2250.491|1228.059|1363.274|1062.782|829.151|2418.253|1290.055|1416.704|1806.270
294.245|183.848|1095.103|1199.602|1056.972|1593.299|263.211|1143.883|227.774|1986.937|1206.708|416.886|419.734|1146.180|2327.437|204.678|1095.216|450.454|393.412|839.500|607.200|1762.078|344.581|970.734|2071.479|443.208|733.515|936.902|1139.022|393.573|359.235|612.865|1187.152|1855.330|1037.139|1292.604|1936.108|1829.016|813.153|328.877|835.259|1206.385|1060.661|385.946|488.329|326.466|522.078|608.208|1314.902|303.837|287.767|1189.817|231.976|848.644|166.712|743.424|792.187|706.414|1950.570|477.084|791.884|885.793|1032.630|0.000|1232.882|1726.851|380.266|1950.887|1442.831|1329.434|946.666|325.014|584.021|132.034|265.113|1304.531|726.319|2247.490|377.719|966.607|1279.281|657.136|422.043|1602.641|622.158|2445.777|2104.010|899.636|291.158|261.536|2053.627|1398.331|512.606|425.462|54.918|227.379|1533.806|266.580|406.356|858.336
995.364|1049.057|322.076|364.137|177.539|376.691|1411.276|276.698|1087.325|824.348|2374.822|834.816|1067.638|188.175|1137.226|1029.572|2233.006|874.009|1611.703|1945.391|840.372|1396.460|1575.996|442.556|902.816|942.936|528.061|732.765|336.733|1124.710|896.561|1023.033|72.671|661.230|2103.460|64.203|753.871|633.937|1910.654|1085.090|403.911|2358.166|2152.632|1520.821|1164.186|994.620|888.312|1744.613|498.182|1512.656|952.171|45.011|1002.158|392.046|1385.717|500.289|1911.000|603.404|719.478|1023.938|558.814|361.707|2128.741|1232.882|0.000|517.050|965.986|779.995|230.202|115.745|2106.797|1186.000|1221.556|1207.684|1251.848|253.789|578.333|1069.940|1542.397|2118.822|57.801|589.835|1471.049|388.579|846.362|1260.938|872.150|343.956|980.066|1058.924|884.837|198.497|903.117|810.674|1180.705|1349.050|300.987|993.677|854.832|387.827
1467.849|1543.837|797.608|596.782|679.356|331.097|1920.008|740.057|1597.005|328.609|2888.382|1343.096|1584.627|675.077|620.443|1522.174|2748.473|1389.635|2113.304|2461.468|1355.742|1691.845|2071.432|808.993|397.613|1459.655|1043.692|1211.674|633.714|1641.557|1376.544|1535.590|581.544|149.693|2620.506|471.721|246.546|123.438|2426.899|1600.320|892.570|2873.056|2669.483|2032.384|1680.795|1459.048|1405.295|2258.186|843.047|2015.710|1440.476|561.969|1500.124|905.020|1871.658|983.435|2426.436|1120.413|259.856|1540.860|1072.869|841.107|2645.486|1726.851|517.050|0.000|1421.895|280.585|396.548|461.201|2620.321|1701.595|1735.828|1713.404|1765.137|612.883|1095.337|556.386|2051.751|2633.032|488.737|1070.471|1986.291|128.472|1360.897|744.473|405.771|827.749|1488.545|1569.999|380.368|439.639|1420.117|1313.156|1676.742|1858.259|252.765|1474.479|1331.545|868.556
94.752|260.864|918.716|857.478|790.099|1341.634|639.508|954.078|425.207|1655.387|1580.362|356.275|596.095|928.141|2000.675|235.510|1474.033|474.220|761.003|1219.541|637.177|1807.382|695.519|626.936|1740.230|528.928|563.298|915.871|803.017|608.778|138.362|746.433|936.335|1538.889|1416.069|1029.630|1612.707|1513.699|1192.740|523.826|565.796|1583.011|1440.793|764.010|710.643|54.203|575.608|988.440|1178.329|679.654|182.833|927.636|267.793|627.271|477.938|469.666|1172.421|591.845|1662.026|621.727|677.562|604.299|1412.806|380.266|965.986|1421.895|0.000|1622.939|1192.075|1075.059|1323.754|588.466|815.807|451.656|579.121|1097.862|600.621|1916.529|757.957|1344.622|1019.389|382.228|783.828|1304.183|657.129|2115.193|1815.861|622.374|368.099|431.765|1722.768|1152.701|575.928|307.766|352.945|594.173|1258.540|142.201|145.619|578.468
1678.744|1770.392|1074.267|767.454|928.785|601.176|2158.075|1017.495|1838.046|48.415|3131.441|1584.417|1840.884|948.538|377.795|1747.158|2996.222|1641.346|2342.076|2711.519|1619.823|1954.337|2294.217|996.466|123.321|1714.497|1297.546|1489.844|819.923|1896.550|1594.168|1803.016|848.487|133.686|2876.253|741.596|42.953|157.813|2677.598|1850.200|1127.300|3119.106|2922.808|2273.987|1941.623|1664.746|1664.580|2502.552|1121.656|2246.571|1663.121|823.969|1729.907|1156.509|2087.545|1212.165|2674.615|1380.200|319.776|1800.368|1338.805|1073.067|2898.155|1950.887|779.995|280.585|1622.939|0.000|677.131|737.033|2863.782|1951.978|2001.329|1949.009|2010.584|893.426|1355.258|297.027|2290.071|2877.893|758.973|1295.211|2234.941|400.386|1626.186|494.910|377.669|1062.396|1728.875|1813.041|105.224|719.957|1679.191|1549.073|1903.067|2097.244|533.241|1691.079|1547.781|1100.022
1217.050|1259.753|414.965|541.787|402.165|150.881|1605.820|355.760|1282.710|725.100|2556.862|1034.930|1239.457|309.931|998.361|1241.852|2409.550|1057.717|1813.570|2120.067|997.025|1334.441|1783.151|664.856|792.925|1119.516|718.276|820.936|534.303|1298.193|1116.274|1167.377|257.620|545.353|2268.127|166.244|642.412|519.736|2084.546|1268.045|626.888|2536.466|2321.169|1710.094|1325.024|1218.643|1056.485|1928.525|453.971|1713.542|1167.579|264.940|1210.927|594.216|1599.598|723.498|2088.611|777.113|536.583|1189.486|715.308|588.545|2298.441|1442.831|230.202|396.548|1192.075|677.131|0.000|117.047|2289.613|1366.704|1370.030|1407.446|1439.071|216.481|752.522|944.189|1735.325|2299.792|173.833|812.582|1651.264|285.603|999.365|1122.926|682.422|569.976|1178.238|1252.238|775.996|48.042|1071.517|1017.631|1389.542|1543.251|144.222|1212.297|1076.123|613.825
1100.619|1146.031|337.236|457.499|285.119|267.060|1497.567|280.879|1173.857|783.639|2453.759|924.175|1139.086|214.758|1078.065|1127.672|2308.529|952.551|1702.922|2019.619|901.799|1344.462|1670.763|556.925|857.351|1017.087|609.765|753.342|439.841|1197.304|1000.200|1077.706|142.338|610.320|2171.784|55.036|706.307|583.460|1984.383|1163.568|510.036|2434.813|2223.291|1603.808|1229.111|1101.836|957.033|1824.386|445.657|1603.173|1052.526|148.003|1097.727|481.598|1485.136|606.671|1986.994|674.463|635.198|1091.412|618.497|471.514|2200.082|1329.434|115.745|461.201|1075.059|737.033|117.047|0.000|2186.096|1263.210|1279.213|1297.245|1333.276|189.029|649.561|1017.315|1627.738|2196.991|58.052|695.852|1548.298|336.668|905.584|1202.638|784.948|452.929|1068.321|1144.056|839.773|82.801|972.025|904.765|1276.446|1435.068|218.586|1096.497|959.726|496.779
1240.779|1110.894|1891.588|2133.062|1941.093|2433.686|708.876|1948.918|1025.742|2902.957|268.067|1279.452|1052.542|1979.818|3235.260|1136.820|157.632|1233.795|567.776|203.657|1303.614|2113.716|647.148|1908.254|2986.372|1170.132|1578.977|1577.030|2069.672|993.240|1299.665|1165.022|2049.002|2758.052|264.153|2159.679|2844.676|2731.031|238.315|1022.609|1736.620|259.788|216.518|589.981|983.772|1270.942|1235.775|362.199|2037.335|644.138|1222.593|2061.879|1143.826|1715.644|861.934|1654.431|212.615|1512.556|2821.204|1107.330|1577.278|1791.212|196.127|946.666|2106.797|2620.321|1323.754|2863.782|2289.613|2186.096|0.000|923.015|974.139|919.249|855.211|2112.540|1537.238|3160.489|577.990|30.871|2144.129|1575.840|638.421|2492.543|1305.593|3356.751|2970.754|1801.439|1134.933|1051.107|2968.307|2242.098|1220.794|1315.813|984.442|768.106|2402.334|1211.848|1346.559|1764.506
495.098|329.342|972.742|1249.874|1024.194|1511.371|273.470|1029.074|163.893|1992.850|1190.560|379.473|142.888|1057.025|2319.479|353.362|1047.017|312.014|501.064|760.053|395.275|1466.144|512.650|1039.156|2075.151|247.760|658.037|708.649|1183.520|89.096|490.897|321.014|1126.783|1841.882|927.245|1237.647|1930.681|1814.703|725.794|101.833|831.731|1172.311|971.208|351.141|165.327|539.446|318.454|561.894|1143.263|405.765|416.019|1141.002|323.798|796.955|452.094|759.743|725.001|589.594|1898.388|207.270|656.611|887.426|946.299|325.014|1186.000|1701.595|588.466|1951.978|1366.704|1263.210|923.015|0.000|259.123|193.093|92.655|1193.345|614.239|2247.463|385.966|933.803|1221.904|693.001|285.212|1573.367|402.047|2442.052|2047.751|895.056|252.287|166.208|2057.041|1319.256|303.896|429.907|298.117|218.497|1479.851|446.279|528.558|862.003
727.044|568.272|956.879|1355.175|1080.359|1504.643|475.429|1016.088|400.565|2045.164|1230.139|528.266|223.897|1064.843|2355.838|588.600|1069.360|413.575|686.221|782.280|381.792|1246.443|722.375|1166.551|2124.294|331.904|717.155|605.142|1287.640|208.463|699.217|203.039|1154.576|1882.140|905.630|1264.115|1975.383|1854.876|745.600|293.027|924.865|1198.621|964.217|497.318|105.309|771.695|350.203|642.098|1069.455|606.082|634.218|1177.391|548.897|857.450|702.672|873.657|762.006|624.878|1906.438|225.055|663.081|979.408|943.994|584.021|1221.556|1735.828|815.807|2001.329|1370.030|1279.213|974.139|259.123|0.000|452.004|330.775|1174.011|649.290|2291.041|545.990|976.865|1247.151|826.833|386.819|1607.921|375.197|2480.137|2049.601|981.942|450.122|386.264|2106.293|1322.018|337.432|589.377|556.342|438.990|1497.472|676.759|728.095|957.560
357.604|200.392|1038.767|1213.962|1035.693|1556.428|210.374|1090.960|131.027|1987.145|1185.311|373.209|297.473|1103.338|2322.938|227.653|1059.850|370.438|406.320|788.225|509.907|1642.303|385.892|990.396|2071.035|343.796|689.559|839.443|1150.428|265.136|389.960|491.024|1156.135|1847.194|977.168|1264.649|1931.524|1820.428|758.327|209.401|822.623|1177.757|1008.767|332.122|357.136|398.197|424.455|563.704|1241.340|306.105|310.517|1163.458|225.610|816.652|270.141|737.133|744.713|645.777|1927.092|358.600|726.276|876.185|981.611|132.034|1207.684|1713.404|451.656|1949.009|1407.446|1297.245|919.249|193.093|452.004|0.000|138.708|1254.350|668.001|2246.022|341.844|935.789|1250.252|656.906|333.114|1586.985|522.591|2443.265|2079.365|887.690|229.264|165.855|2053.024|1361.491|412.960|400.551|113.159|152.800|1507.828|315.990|435.295|849.100
484.369|319.476|1051.365|1294.301|1086.000|1585.284|182.222|1106.744|179.622|2050.494|1123.278|427.300|233.825|1130.300|2380.756|346.113|985.707|381.408|409.663|703.188|482.296|1555.321|420.044|1077.384|2133.468|327.053|724.489|799.808|1228.912|181.739|499.841|413.237|1194.982|1903.341|880.762|1305.393|1990.649|1876.273|670.466|173.612|885.006|1108.722|919.484|271.229|248.697|526.966|402.385|493.050|1229.856|313.464|421.038|1206.974|329.029|860.456|371.903|807.233|664.489|663.268|1967.786|298.761|734.744|940.223|893.505|265.113|1251.848|1765.137|579.121|2010.584|1439.071|1333.276|855.211|92.655|330.775|138.708|0.000|1271.197|687.404|2306.918|300.820|868.047|1290.047|734.401|227.985|1637.333|490.340|2502.619|2118.216|949.371|286.472|198.927|2115.376|1391.979|388.330|469.882|251.859|125.873|1548.433|438.919|541.954|914.012
1107.401|1125.242|220.952|617.729|351.820|332.297|1444.330|164.454|1125.718|941.311|2378.303|888.545|1060.051|170.485|1211.471|1110.498|2226.853|891.832|1659.688|1936.859|810.354|1155.988|1637.164|667.659|1009.397|945.836|571.126|608.342|586.767|1119.415|1003.277|971.000|215.741|761.825|2077.391|225.471|858.886|736.156|1900.871|1097.959|542.886|2354.826|2132.844|1542.042|1136.729|1116.198|876.986|1753.942|256.628|1559.054|1043.690|253.237|1073.924|471.963|1466.828|633.834|1907.850|610.017|738.654|1005.965|536.815|521.207|2110.986|1304.531|253.789|612.883|1097.862|893.426|216.481|189.029|2112.540|1193.345|1174.011|1254.350|1271.197|0.000|586.946|1159.502|1571.018|2121.072|214.182|717.146|1475.000|498.591|810.295|1335.800|877.298|500.968|1026.351|1093.243|992.477|174.184|891.927|881.737|1250.012|1381.912|360.200|1094.752|968.186|541.004
577.068|554.130|370.937|723.672|431.070|897.958|857.963|423.104|538.859|1398.320|1804.669|310.628|490.172|443.095|1715.554|543.846|1658.979|306.198|1072.823|1370.193|268.522|1239.705|1052.260|570.036|1478.493|367.545|84.315|348.566|657.001|548.000|475.212|458.170|515.428|1239.169|1525.341|626.422|1330.833|1211.877|1335.054|515.632|303.646|1785.270|1575.260|958.629|586.417|599.573|309.982|1176.007|595.466|972.175|491.546|533.499|501.243|211.256|891.682|295.466|1337.438|25.080|1284.697|445.660|76.968|351.746|1551.682|726.319|578.333|1095.337|600.621|1355.258|752.522|649.561|1537.238|614.239|649.290|668.001|687.404|586.946|0.000|1647.470|985.692|1547.737|610.210|308.350|899.051|966.878|278.259|1839.205|1433.620|348.914|441.408|506.297|1460.429|705.160|324.784|319.866|671.408|795.455|867.070|550.568|455.290|335.966
1973.980|2067.230|1352.799|1059.404|1223.511|843.765|2455.040|1294.726|2134.788|261.222|3428.208|1881.055|2134.770|1231.442|94.403|2043.909|3292.429|1936.384|2638.915|3007.280|1910.230|2156.004|2590.578|1289.603|176.377|2008.754|1591.760|1764.623|1114.009|2190.855|1890.365|2091.380|1136.495|408.902|3170.618|1027.491|316.938|436.165|2973.222|2145.745|1424.170|3415.564|3217.870|2570.772|2233.803|1959.142|1957.276|2799.123|1370.402|2543.523|1959.739|1114.462|2026.888|1451.162|2383.149|1509.191|2970.704|1672.489|465.897|2093.048|1627.964|1370.023|3193.378|2247.490|1069.940|556.386|1916.529|297.027|944.189|1017.315|3160.489|2247.463|2291.041|2246.022|2306.918|1159.502|1647.470|0.000|2587.038|3174.462|1044.634|1592.131|2530.851|683.440|1915.896|198.708|412.700|1359.230|2025.642|2109.594|194.034|989.859|1971.980|1846.033|2199.853|2394.164|804.172|1987.079|1843.868|1397.003
670.430|533.464|1351.589|1555.148|1372.795|1882.579|132.000|1406.583|455.132|2328.495|843.522|708.696|528.251|1427.661|2663.331|559.683|721.543|679.586|146.441|461.979|781.130|1790.930|212.038|1330.325|2412.269|627.873|1017.973|1091.268|1491.931|471.088|723.028|688.142|1488.036|2186.996|661.346|1597.729|2272.097|2160.135|436.496|474.384|1163.027|837.131|682.994|51.865|503.945|704.071|702.701|230.489|1529.154|111.485|645.280|1497.793|565.860|1150.369|341.738|1078.670|414.468|961.897|2260.727|591.419|1035.038|1217.015|654.930|377.719|1542.397|2051.751|757.957|2290.071|1735.325|1627.738|577.990|385.966|545.990|341.844|300.820|1571.018|985.692|2587.038|0.000|595.438|1582.808|998.745|169.729|1924.740|787.995|2784.026|2412.090|1228.049|563.217|483.803|2394.241|1688.572|688.463|741.006|409.849|193.507|1841.107|637.897|769.694|1190.051
1260.842|1128.844|1900.152|2149.746|1954.021|2443.300|725.541|1957.708|1040.160|2917.336|257.257|1293.487|1061.492|1989.901|3248.733|1154.953|131.609|1245.215|591.014|198.829|1311.415|2105.361|671.751|1925.624|3000.603|1180.329|1590.818|1580.862|2086.073|1002.330|1318.083|1169.657|2060.428|2771.365|237.023|2171.213|2858.417|2744.306|234.830|1033.980|1751.032|241.994|186.593|605.184|989.760|1291.604|1244.814|375.341|2042.319|665.033|1240.634|2073.868|1160.836|1728.104|885.341|1669.662|215.244|1522.975|2832.180|1115.296|1586.539|1805.794|167.191|966.607|2118.822|2633.032|1344.622|2877.893|2299.792|2196.991|30.871|933.803|976.865|935.789|868.047|2121.072|1547.737|3174.462|595.438|0.000|2155.559|1591.787|648.705|2505.115|1312.936|3370.454|2981.355|1815.756|1149.385|1064.869|2982.527|2252.190|1229.807|1330.891|1003.391|784.024|2413.612|1231.123|1364.874|1779.188
1046.566|1095.624|322.134|410.762|229.340|322.256|1452.154|270.224|1128.188|804.547|2412.008|877.046|1100.382|190.979|1108.738|1076.757|2268.371|910.374|1655.296|1980.012|867.523|1367.312|1621.505|499.925|880.818|977.008|565.584|738.389|388.415|1158.111|946.810|1046.871|95.132|635.943|2135.023|17.464|730.507|608.767|1945.004|1121.606|455.290|2394.144|2185.428|1559.965|1193.553|1046.948|919.416|1782.112|466.930|1555.845|1000.585|91.788|1047.926|433.614|1433.737|551.920|1946.544|635.255|677.977|1054.530|584.363|415.313|2161.889|1279.281|57.801|488.737|1019.389|758.973|173.833|58.052|2144.129|1221.904|1247.151|1250.252|1290.047|214.182|610.210|1044.634|1582.808|2155.559|0.000|641.314|1507.117|361.199|872.353|1232.993|829.411|397.020|1021.801|1099.011|863.004|140.720|934.339|855.506|1226.641|1389.759|258.414|1043.495|905.784|440.923
405.532|475.365|549.474|560.008|412.438|962.898|867.163|578.955|555.673|1332.254|1842.199|314.086|616.883|546.927|1671.031|452.660|1714.181|413.726|1046.958|1436.159|496.145|1544.236|1001.553|346.539|1416.510|495.803|236.172|656.848|495.066|661.084|308.016|673.884|555.656|1198.207|1614.844|652.559|1279.532|1171.881|1404.124|594.310|186.046|1833.766|1653.694|986.697|737.212|406.123|485.795|1217.784|818.841|951.412|370.062|549.626|435.000|251.446|801.836|89.555|1395.497|314.377|1299.388|601.805|376.048|231.225|1627.521|657.136|589.835|1070.471|382.228|1295.211|812.582|695.852|1575.840|693.001|826.833|656.906|734.401|717.146|308.350|1592.131|998.745|1591.787|641.314|0.000|962.383|947.342|513.689|1790.067|1453.314|247.081|447.970|536.146|1398.572|772.089|495.904|264.700|608.227|807.808|887.542|405.839|265.173|203.973
690.290|532.376|1254.085|1522.256|1308.199|1795.282|172.812|1311.104|407.280|2275.344|905.630|654.145|415.217|1341.431|2603.585|559.658|762.190|597.054|316.128|476.736|668.506|1626.304|374.518|1305.138|2357.994|531.749|943.009|960.213|1456.805|355.781|719.590|548.777|1411.995|2125.992|652.952|1522.854|2214.242|2098.846|443.356|386.005|1111.171|887.144|691.703|117.924|362.012|730.000|598.018|279.201|1411.071|260.555|640.008|1426.059|550.295|1081.363|449.565|1034.733|440.164|874.309|2183.493|472.522|939.106|1166.585|665.902|422.043|1471.049|1986.291|783.828|2234.941|1651.264|1548.298|638.421|285.212|386.819|333.114|227.985|1475.000|899.051|2530.851|169.729|648.705|1507.117|962.383|0.000|1858.142|672.012|2725.913|2332.669|1175.230|514.433|426.602|2339.891|1603.719|583.089|697.827|433.866|194.672|1765.048|649.089|763.482|1140.590
1347.242|1419.306|673.891|500.370|551.987|260.634|1793.089|617.148|1469.820|447.161|2760.609|1216.045|1456.161|549.065|748.798|1398.013|2620.305|1261.381|1987.835|2333.174|1227.587|1608.364|1947.168|700.178|520.870|1331.229|915.398|1089.569|528.936|1513.112|1254.394|1407.979|453.415|274.804|2492.034|344.052|370.000|247.681|2298.572|1472.150|767.579|2745.009|2541.042|1904.942|1552.423|1339.888|1276.841|2130.376|739.106|1889.919|1316.974|433.497|1374.977|777.016|1749.117|859.589|2298.267|991.953|360.014|1412.421|944.875|717.001|2517.065|1602.641|388.579|128.472|1304.183|400.386|285.603|336.668|2492.543|1573.367|1607.921|1586.985|1637.333|498.591|966.878|683.440|1924.740|2505.115|361.199|947.342|1858.142|0.000|1232.891|872.711|512.867|703.022|1361.532|1442.557|503.227|324.452|1291.660|1187.049|1552.102|1731.234|143.837|1352.379|1209.861|744.457
595.399|495.435|590.161|998.251|707.865|1137.508|672.292|648.741|397.045|1670.116|1569.919|301.002|260.133|691.882|1981.089|499.329|1416.849|189.908|898.982|1126.856|20.100|1163.997|899.249|828.580|1749.123|179.636|353.193|316.863|931.074|318.653|519.009|179.922|779.493|1507.002|1269.004|889.250|1600.187|1479.733|1090.774|322.800|570.800|1545.065|1323.144|751.879|326.553|632.851|100.125|950.832|741.631|800.765|490.765|802.225|448.108|489.253|784.931|537.520|1098.843|254.922|1535.880|199.552|288.028|622.782|1300.994|622.158|846.362|1360.897|657.129|1626.186|999.365|905.584|1305.593|402.047|375.197|522.591|490.340|810.295|278.259|1915.896|787.995|1312.936|872.353|513.689|672.012|1232.891|0.000|2105.309|1681.003|622.419|344.536|362.012|1731.127|951.328|109.986|354.731|571.342|613.241|1124.104|551.773|524.848|603.802
2172.664|2265.288|1535.495|1257.981|1417.859|1011.862|2652.027|1476.842|2331.220|459.930|3624.583|2077.329|2327.691|1417.361|124.663|2242.068|3487.811|2130.573|2836.968|3202.066|2100.214|2286.238|2789.010|1488.260|375.084|2202.101|1785.313|1943.546|1312.717|2384.172|2088.857|2279.541|1326.017|600.433|3363.723|1216.063|512.079|627.685|3167.836|2340.434|1621.005|3611.341|3411.758|2767.247|2425.073|2157.848|2149.182|2995.150|1535.044|2741.371|2158.012|1305.717|2224.663|1645.237|2581.795|1706.733|3165.945|1864.265|613.714|2284.853|1817.288|1567.103|3387.460|2445.777|1260.938|744.473|2115.193|494.910|1122.926|1202.638|3356.751|2442.052|2480.137|2443.265|2502.619|1335.800|1839.205|198.708|2784.026|3370.454|1232.993|1790.067|2725.913|872.711|2105.309|0.000|519.456|1556.000|2222.141|2305.680|392.704|1169.657|2163.959|2043.055|2397.974|2591.001|986.429|2185.635|2042.396|1594.166
1856.257|1920.176|1092.732|1002.505|1047.067|545.257|2281.542|1033.559|1957.592|399.382|3238.276|1706.225|1921.709|992.162|411.341|1900.048|3091.788|1737.454|2483.812|2802.400|1679.086|1766.812|2447.687|1211.692|383.815|1801.067|1394.327|1480.293|1037.938|1980.342|1761.281|1846.606|924.063|345.488|2950.000|814.772|345.689|358.766|2766.916|1948.384|1270.078|3218.535|3003.450|2388.662|2007.064|1850.462|1738.841|2609.198|1044.702|2384.652|1820.950|916.066|1873.904|1262.785|2254.378|1364.444|2770.660|1458.384|154.003|1871.899|1397.725|1222.092|2980.799|2104.010|872.150|405.771|1815.861|377.669|682.422|784.948|2970.754|2047.751|2049.601|2079.365|2118.216|877.298|1433.620|412.700|2412.090|2981.355|829.411|1453.314|2332.669|512.867|1681.003|519.456|0.000|1206.722|1851.141|1928.291|381.064|730.331|1753.871|1682.800|2052.252|2219.127|571.542|1859.151|1717.606|1249.389
652.231|716.294|381.923|375.832|167.815|719.273|1096.055|390.866|775.702|1101.581|2069.053|522.384|795.208|333.419|1435.335|695.040|1934.963|589.734|1285.663|1651.909|610.050|1473.332|1244.148|240.520|1184.932|667.960|269.314|643.765|308.709|847.328|555.000|800.728|316.267|959.577|1822.245|407.357|1044.048|932.868|1618.551|793.363|65.069|2057.175|1865.742|1211.596|906.369|650.696|632.155|1440.451|654.361|1188.385|614.593|305.287|672.394|146.239|1047.734|157.800|1613.852|369.803|1052.871|764.348|375.932|20.248|1840.470|899.636|343.956|827.749|622.374|1062.396|569.976|452.929|1801.439|895.056|981.942|887.690|949.371|500.968|348.914|1359.230|1228.049|1815.756|397.020|247.081|1175.230|703.022|622.419|1556.000|1206.722|0.000|666.507|751.166|1166.868|531.636|645.503|487.201|849.125|1035.004|640.494|652.699|512.191|43.909
284.297|152.345|812.274|1007.830|809.614|1327.166|431.589|863.481|109.225|1768.044|1402.571|145.496|228.254|874.185|2101.006|160.798|1269.523|161.400|635.567|989.070|327.361|1505.327|611.036|791.835|1851.440|177.387|460.298|652.329|942.465|247.243|249.634|387.517|927.468|1624.259|1166.930|1036.372|1710.075|1597.341|956.666|164.794|601.699|1390.969|1205.922|545.132|345.774|327.940|246.260|774.176|1024.625|535.360|185.324|935.645|111.004|588.396|457.849|521.422|949.362|420.060|1699.165|256.164|503.397|656.410|1179.875|291.158|980.066|1488.545|368.099|1728.875|1178.238|1068.321|1134.933|252.287|450.122|229.264|286.472|1026.351|441.408|2025.642|563.217|1149.385|1021.801|447.970|514.433|1361.532|344.536|2222.141|1851.141|666.507|0.000|88.600|1833.375|1132.241|240.354|183.415|236.966|369.716|1279.689|234.555|281.858|629.832
341.281|183.120|876.138|1095.783|890.649|1400.126|353.600|929.298|35.384|1852.635|1319.031|228.790|177.341|945.648|2184.155|202.411|1183.845|204.949|566.763|902.088|347.973|1503.842|551.385|880.386|1935.796|182.428|534.333|678.260|1030.232|177.924|326.106|361.531|1004.234|1707.001|1078.705|1113.960|1793.616|1680.001|869.391|93.301|686.626|1306.098|1118.282|462.390|281.016|385.996|262.378|689.529|1075.515|466.107|253.600|1014.244|163.976|666.888|422.928|608.307|863.049|483.396|1776.948|224.076|562.029|741.701|1092.375|261.536|1058.924|1569.999|431.765|1813.041|1252.238|1144.056|1051.107|166.208|386.264|165.855|198.927|1093.243|506.297|2109.594|483.803|1064.869|1099.011|536.146|426.602|1442.557|362.012|2305.680|1928.291|751.166|88.600|0.000|1917.715|1205.708|252.071|271.450|213.441|291.053|1357.329|291.139|362.660|715.375
1779.961|1873.542|1176.878|865.910|1033.983|691.610|2262.256|1119.743|1942.567|67.469|3235.904|1689.041|1946.103|1052.090|279.530|1850.142|3101.051|1746.489|2445.213|2816.502|1724.845|2035.106|2396.619|1095.884|18.111|1819.705|1402.761|1591.770|920.088|2001.752|1696.380|1907.791|953.030|230.790|2981.444|845.665|133.825|256.984|2782.617|1955.253|1231.716|3223.808|3027.927|2378.449|2046.807|1765.225|1769.784|2607.193|1215.921|2349.984|1765.891|928.903|1833.436|1261.704|2189.116|1316.006|2779.496|1485.377|365.558|1905.574|1443.645|1177.333|3003.250|2053.627|884.837|380.368|1722.768|105.224|775.996|839.773|2968.307|2057.041|2106.293|2053.024|2115.376|992.477|1460.429|194.034|2394.241|2982.527|863.004|1398.572|2339.891|503.227|1731.127|392.704|381.064|1166.868|1833.375|1917.715|0.000|819.787|1784.399|1653.291|2006.111|2201.523|632.843|1793.064|1649.866|1204.220
1175.664|1215.504|367.271|531.373|364.243|195.133|1559.247|308.132|1236.356|767.704|2509.285|989.280|1191.688|262.292|1045.048|1197.925|2361.768|1010.587|1767.712|2072.249|949.013|1308.809|1738.039|639.419|836.867|1071.973|672.066|774.816|518.093|1250.463|1074.315|1119.386|216.453|589.001|2220.109|137.058|686.033|563.053|2036.708|1220.755|586.962|2488.737|2273.198|1663.062|1277.014|1178.196|1008.669|1881.114|420.098|1667.595|1124.400|228.642|1166.369|549.746|1555.802|683.381|2040.894|729.697|584.624|1141.568|667.396|550.601|2250.491|1398.331|198.497|439.639|1152.701|719.957|48.042|82.801|2242.098|1319.256|1322.018|1361.491|1391.979|174.184|705.160|989.859|1688.572|2252.190|140.720|772.089|1603.719|324.452|951.328|1169.657|730.331|531.636|1132.241|1205.708|819.787|0.000|1023.702|972.954|1344.876|1496.669|186.944|1169.925|1034.724|575.313
506.080|392.613|671.000|1017.872|752.098|1213.750|569.004|728.139|287.068|1721.872|1487.060|228.633|168.315|761.715|2040.333|399.051|1338.098|102.840|794.400|1048.550|97.082|1264.974|791.609|830.713|1802.480|69.656|384.338|426.695|950.339|227.554|440.283|183.339|839.803|1563.842|1200.735|950.710|1655.232|1536.552|1013.045|216.954|587.663|1465.256|1251.336|654.991|263.154|546.111|15.033|862.129|841.666|695.359|401.020|858.274|347.960|525.890|674.999|537.275|1017.539|299.713|1606.319|121.202|356.821|642.423|1228.059|512.606|903.117|1420.117|575.928|1679.191|1071.517|972.025|1220.794|303.896|337.432|412.960|388.330|891.927|324.784|1971.980|688.463|1229.807|934.339|495.904|583.089|1291.660|109.986|2163.959|1753.871|645.503|240.354|252.071|1784.399|1023.702|0.000|289.132|462.265|508.791|1190.222|459.793|453.813|620.285
263.427|243.742|677.507|824.430|636.717|1167.978|609.007|723.343|291.810|1587.638|1583.023|62.129|368.827|721.269|1922.527|228.965|1451.952|187.843|801.452|1172.328|334.631|1499.751|766.061|609.676|1671.326|262.154|311.321|610.393|759.055|405.938|170.294|471.094|762.640|1446.647|1350.154|869.249|1531.188|1419.878|1140.023|333.362|422.143|1572.699|1389.335|725.865|491.810|292.838|284.923|956.036|915.000|703.006|171.826|766.997|193.497|423.430|585.403|338.813|1132.294|305.013|1529.902|368.631|393.733|476.010|1363.274|425.462|810.674|1313.156|307.766|1549.073|1017.631|904.765|1315.813|429.907|589.377|400.551|469.882|881.737|319.866|1846.033|741.006|1330.891|855.506|264.700|697.827|1187.049|354.731|2043.055|1682.800|487.201|183.415|271.450|1653.291|972.954|289.132|0.000|371.927|548.264|1111.563|231.925|170.238|449.071
262.092|132.966|1040.285|1155.004|1005.199|1539.906|287.124|1089.195|181.298|1939.569|1246.639|362.097|379.111|1092.090|2279.200|156.029|1130.797|397.020|439.164|869.154|555.932|1716.946|395.464|927.186|2024.002|393.249|679.094|885.014|1093.626|358.558|315.940|570.617|1134.221|1806.234|1063.926|1240.105|1887.732|1779.825|841.430|287.903|784.529|1244.206|1090.540|412.012|457.109|298.751|471.221|639.407|1260.159|345.834|241.168|1137.459|178.732|795.327|221.298|693.605|823.067|651.497|1898.941|433.706|737.010|835.661|1062.782|54.918|1180.705|1676.742|352.945|1903.067|1389.542|1276.446|984.442|298.117|556.342|113.159|251.859|1250.012|671.408|2199.853|409.849|1003.391|1226.641|608.227|433.866|1552.102|571.342|2397.974|2052.252|849.125|236.966|213.441|2006.111|1344.876|462.265|371.927|0.000|241.679|1481.684|228.064|363.055|808.223
502.001|351.592|1163.414|1365.930|1179.288|1690.976|62.586|1217.625|261.725|2135.900|1034.919|515.190|359.146|1236.299|2470.159|378.653|907.397|490.163|285.776|635.649|604.219|1675.958|294.613|1142.972|2219.563|444.531|825.378|924.689|1302.086|307.592|541.838|538.425|1295.071|1993.678|826.090|1404.602|2079.012|1966.797|606.082|291.872|970.019|1026.016|856.412|179.446|368.046|540.042|522.358|411.060|1350.064|188.042|462.650|1304.482|378.375|957.056|279.034|886.526|591.927|772.010|2067.598|424.210|847.439|1024.195|829.151|227.379|1349.050|1858.259|594.173|2097.244|1543.251|1435.068|768.106|218.497|438.990|152.800|125.873|1381.912|795.455|2394.164|193.507|784.024|1389.759|807.808|194.672|1731.234|613.241|2591.001|2219.127|1035.004|369.716|291.053|2201.523|1496.669|508.791|548.264|241.679|0.000|1647.988|463.761|587.553|997.313
1292.629|1349.970|549.214|520.089|477.302|142.144|1710.350|490.800|1386.357|581.111|2670.165|1134.707|1357.002|432.640|861.769|1330.337|2525.916|1168.540|1912.338|2237.258|1120.383|1465.856|1876.983|686.289|649.931|1234.389|823.991|960.675|530.848|1415.043|1195.252|1295.704|353.452|402.057|2390.264|243.387|499.092|376.145|2202.120|1379.746|702.473|2651.924|2441.554|1818.378|1447.677|1289.795|1175.245|2040.375|595.928|1813.126|1252.406|344.606|1303.144|691.298|1686.035|798.104|2204.209|892.045|419.620|1309.808|837.082|657.012|2418.253|1533.806|300.987|252.765|1258.540|533.241|144.222|218.586|2402.334|1479.851|1497.472|1507.828|1548.433|360.200|867.070|804.172|1841.107|2413.612|258.414|887.542|1765.048|143.837|1124.104|986.429|571.542|640.494|1279.689|1357.329|632.843|186.944|1190.222|1111.563|1481.684|1647.988|0.000|1292.743|1152.684|683.916
50.329|119.520|899.093|935.000|816.178|1363.141|513.639|941.271|283.185|1726.101|1472.958|261.467|459.830|928.982|2068.393|93.509|1358.782|362.604|659.298|1096.359|532.474|1713.999|604.299|705.313|1810.819|405.357|532.573|834.550|875.514|468.859|97.985|620.520|954.694|1599.114|1289.512|1055.547|1677.704|1573.140|1068.080|383.928|590.276|1471.637|1317.695|638.627|571.454|94.937|461.913|867.218|1144.205|570.307|62.394|952.311|127.945|624.943|397.394|494.899|1050.697|536.614|1705.218|490.702|625.259|637.064|1290.055|266.580|993.677|1474.479|142.201|1691.079|1212.297|1096.497|1211.848|446.279|676.759|315.990|438.919|1094.752|550.568|1987.079|637.897|1231.123|1043.495|405.839|649.089|1352.379|551.773|2185.635|1859.151|652.699|234.555|291.139|1793.064|1169.925|459.793|231.925|228.064|463.761|1292.743|0.000|143.401|609.793
140.943|236.544|781.425|793.278|677.337|1226.743|641.758|819.593|367.829|1582.943|1609.534|226.126|504.230|800.062|1925.044|210.038|1491.175|351.001|799.766|1223.179|504.750|1665.526|747.019|564.491|1667.637|416.541|421.011|772.094|733.068|528.796|47.170|632.197|818.648|1455.753|1412.221|917.322|1534.314|1429.801|1193.557|446.593|450.921|1606.191|1443.946|765.880|625.233|149.215|451.221|996.707|1036.946|708.566|124.920|814.236|213.359|496.244|540.712|354.696|1178.997|446.249|1563.625|517.880|532.189|495.962|1416.704|406.356|854.832|1331.545|145.619|1547.781|1076.123|959.726|1346.559|528.558|728.095|435.295|541.954|968.186|455.290|1843.868|769.694|1364.874|905.784|265.173|763.482|1209.861|524.848|2042.396|1717.606|512.191|281.858|362.660|1649.866|1034.724|453.813|170.238|363.055|587.553|1152.684|143.401|0.000|468.875
608.717|675.296|411.618|397.615|211.684|763.174|1058.057|424.923|739.049|1138.601|2031.907|486.712|766.042|372.204|1473.953|653.667|1899.130|559.723|1245.492|1617.036|590.428|1490.386|1202.912|237.356|1222.256|639.163|253.286|646.780|330.080|816.976|511.989|780.467|359.685|998.972|1789.182|451.260|1082.473|972.380|1583.935|760.561|33.015|2020.800|1831.740|1174.534|879.241|606.875|607.358|1404.007|685.613|1148.611|572.588|349.182|632.147|148.627|1005.355|115.209|1578.412|355.069|1095.483|737.751|371.442|27.459|1806.270|858.336|387.827|868.556|578.468|1100.022|613.825|496.779|1764.506|862.003|957.560|849.100|914.012|541.004|335.966|1397.003|1190.051|1779.188|440.923|203.973|1140.590|744.457|603.802|1594.166|1249.389|43.909|629.832|715.375|1204.220|575.313|620.285|449.071|808.223|997.313|683.916|609.793|468.875|0.000
